Group,Genre,UserRating,LowerDownloads,FuzzyRisk,JavaFiles,DefectCount,LOC,SourceFragment,CloneFragment,CloneGroup,OPrivCount,UPrivCount,IntentsCount,PermissionCount
1,Education,2,1000,51,28,3,1775,41,26,13,2,1,2,5
1,Tools,2.4,100000,51,106,3,12212,131,8,4,,1,2,2
1,Media & Video,2.3,1000,51,418,9,33523,621,372,125,2,1,2,4
1,Productivity,2.9,10000,51,435,6,40867,537,242,101,1,3,2,4
1,Casual,2.3,10000,51,30,3,2227,23,6,3,1,,2,9
1,Education,2.5,1000,51,97,12,10613,124,19,8,,6,2,1
1,Lifestyle,2,1000,51,826,6,74320,1149,304,125,,2,2,6
1,Sports,1.7,1000,0,34,3,1972,9,5,2,,,2,11
1,News & Magazines,2,1000,51,861,6,93027,1382,756,320,,1,2,8
1,Education,2,5000,50,353,3,24155,369,180,45,6,1,2,5
1,Entertainment,2.9,50000,51,53,6,3723,78,24,10,,,2,14
1,Music & Audio,2.6,1000,0,325,6,29724,434,216,90,,2,2,6
1,Health & Fitness,2.7,10000,51,2304,12,256013,3560,1585,558,,3,2,9
1,Travel & Local,2.9,5000,50,1100,3,106491,1573,755,279,3,1,2,10
1,Entertainment,2.2,5000,51,104,9,10440,113,35,15,,,2,1
1,Tools,2.5,10000,51,1667,9,97354,1405,430,133,,,2,6
1,Casual,2.8,10000,51,0,0,0,2230,751,287,7,,5,5
1,News & Magazines,2.7,1000,51,190,6,19861,287,83,33,,1,2,8
1,Personalization,2.8,1000,92,901,79,111230,1221,394,163,1,1,2,14
1,Education,2.8,1000,92,13,6,1707,1,0,0,2,,2,1
1,Entertainment,2.6,1000,92,597,6,86225,705,286,119,,,2,2
1,Tools,2.6,5000,0,28,3,2701,42,8,4,,2,2,9
1,News & Magazines,2.8,10000,51,86,3,10220,126,19,8,,7,2,2
1,Entertainment,2.3,10000,51,459,6,45390,545,247,103,,4,2,4
1,Finance,1.8,5000,51,81,3,5416,101,9,4,2,,2,12
1,Entertainment,2,1000,51,67,3,9239,112,23,11,,7,2,2
1,Entertainment,2.7,1000,92,6112,24,710193,11591,6568,1781,,7,6,3
1,Finance,2.8,1000,0,28,3,1184,17,8,3,,,2,14
1,Lifestyle,2,1000,51,62,6,5148,114,28,13,,,2,6
1,Media & Video,1.8,1000,51,158,9,10288,98,33,10,1,,2,8
1,Casual,2,1000,51,94,3863,11929,191,68,28,1,6,2,3
1,Health & Fitness,2.2,1000,51,165,4950,12093,228,55,22,,,2,10
1,Entertainment,1.8,5000,0,61,6,7084,109,29,13,,1,2,2
1,Transportation,2.3,5000,51,123,3,8661,159,34,14,,1,2,2
1,Travel & Local,2.9,5000,50,67,3,5854,97,31,14,7,1,2,2
1,Board,2.9,10000,92,2342,9,238472,3544,1394,516,1,5,3,3
1,Business,2.5,1000,0,19,3,3483,28,13,5,,,2,29
1,Entertainment,2.8,1000,51,111,3,12191,174,47,21,,,2,4
1,Tools,2.6,10000,51,120,3,13063,240,73,34,1,,2,6
1,Productivity,2.8,1000,0,85,3,19588,668,555,82,,3,2,12
1,Entertainment,2.2,10000,51,362,9,30740,427,129,46,2,,2,8
1,Books & Reference,2.8,1000,51,76,9,5644,120,40,20,,,2,6
1,Entertainment,2.9,5000,50,175,12,17746,258,92,36,,,2,1
1,Books & Reference,2.5,5000,51,117,3,14980,280,169,42,,,2,3
1,Music & Audio,2.7,1000,51,23,21,1206,23,0,0,3,1,5,8
1,Music & Audio,2.5,10000,51,23,21,1204,23,0,0,3,1,5,2
1,Communication,2.7,5000,50,27,3,7644,51,22,11,1,1,2,2
1,Tools,2.8,1000,0,161,6,11835,186,40,14,1,,2,2
1,Transportation,2.3,1000,0,71,6,6239,116,24,10,1,,2,15
1,Sports,2.7,1000,51,61,5117,6021,59,0,0,,,2,9
1,Health & Fitness,2.1,1000,50,147,12,16735,257,52,22,5,,2,6
1,Shopping,2.9,10000,50,241,6,20138,422,195,60,,,2,2
1,Books & Reference,2.4,5000,51,117,3,14987,280,167,39,,,2,14
1,Tools,2.6,10000,51,158,6,13612,148,30,13,,1,2,8
1,News & Magazines,2.6,1000,92,5866,9,654123,10541,5616,1444,3,1,4,15
1,News & Magazines,2,1000,92,5866,9,654123,10541,5575,1428,3,1,4,4
1,News & Magazines,2.3,5000,51,1037,15,107469,1630,620,239,1,1,2,5
1,Lifestyle,2.6,10000,51,184,6,16068,187,39,16,,1,2,7
1,Entertainment,2.7,1000,92,627,9,82590,848,320,132,,2,2,4
1,Entertainment,2.3,10000,51,112,5111,10110,130,16,8,,1,2,3
1,Business,2,1000,51,549,6,61685,776,283,109,,1,2,2
1,Travel & Local,2.8,1000,50,1391,103,159578,1848,684,285,3,6,5,3
1,Travel & Local,2.9,5000,50,1391,103,159574,1848,685,285,3,6,5,1
1,Travel & Local,2.9,1000,50,75,6,5797,112,30,15,,,2,4
1,Media & Video,2.4,1000,0,27,3,1553,48,11,5,,4,2,5
1,Entertainment,2.4,10000,51,167,6,14627,154,28,12,,1,3,2
1,Tools,2.2,10000,0,10,6,1163,6,0,0,,,2,2
1,Casual,2.8,1000,51,112,3,12120,178,52,22,,,2,2
1,Tools,2.6,1000,51,110,3,12002,177,49,22,,,2,8
1,Entertainment,2.5,1000,0,26,3,1700,27,10,5,,,2,8
1,Books & Reference,2,10000,51,117,3,14980,280,167,41,,,2,5
1,Tools,2.5,5000,92,181,6,26052,151,17,7,,1,2,5
1,Books & Reference,2.9,5000,51,117,3,14986,280,167,39,,,2,29
1,Travel & Local,2.8,10000,51,42,3,3520,53,6,3,,,2,3
1,Tools,2,10000,51,23,3,1625,49,21,8,,,2,1
1,Personalization,2,1000,0,11,3,2435,12,0,0,,,,11
1,Entertainment,1.5,100000,51,7,3,1189,5,2,1,,,2,9
1,Music & Audio,2.9,1000,51,590,9,57418,786,295,121,,2,2,2
1,Music & Audio,2.6,1000,50,546,9,55477,805,405,153,,2,2,2
1,Books & Reference,2.5,1000,51,233,3660,28039,385,101,47,1,5,2,3
1,Shopping,2.8,1000,50,284,3,29541,396,83,37,4,1,7,6
1,Education,2.7,1000,51,975,24,118547,1681,694,285,,7,2,3
1,Media & Video,2.9,5000,51,41,3,1563,18,5,2,,,2,15
1,Entertainment,2.9,1000,51,111,3,12191,174,47,21,,,2,1
1,Tools,2.6,1000,0,50,6,8159,55,12,6,,1,2,4
1,Casual,2.5,5000,0,8,3,366,4,0,0,,1,2,3
1,Travel & Local,2.8,5000,51,87,3,9705,107,8,4,,2,3,3
1,Puzzle,1.6,1000,51,22,3,3510,34,3,1,,,2,1
1,Books & Reference,2.4,1000,51,118,3663,8421,49,0,0,,,2,3
1,Travel & Local,2.7,1000,51,66,5095,6975,74,14,7,1,,3,2
1,Casual,2.2,1000,51,67,5095,6549,70,0,0,,,2,3
1,Books & Reference,2.6,10000,51,49,3,2530,46,8,4,,,3,1
1,Books & Reference,2.3,10000,51,117,3,14987,280,167,41,,,2,10
1,Photography,2.9,10000,0,18,3,1554,22,0,0,,,2,24
1,Tools,2.9,100000,51,66,5095,6771,54,0,0,,,2,2
1,Libraries & Demo,2,50000,0,12,3,371,5,0,0,,,2,10
1,Tools,2.9,1000,50,239,6,25816,302,139,53,8,,2,6
1,Media & Video,2.6,50000,0,46,3,4680,73,21,9,,,2,17
1,Arcade,2.8,10000,0,82,6,8339,98,20,7,,8,2,2
1,Business,2.3,1000,51,471,272,55494,653,179,76,,,2,12
1,News & Magazines,2.8,10000,51,63,3,7476,106,26,13,,,2,7
1,Media & Video,2.3,10000,51,61,6,5099,80,24,11,,,3,24
1,Arcade,2.7,5000,0,30,3,3063,83,17,7,,1,2,2
1,Transportation,2.7,1000,51,124,3,13144,186,49,22,,,2,3
1,Lifestyle,2.8,10000,51,63,6,7089,101,26,13,1,,2,3
1,Entertainment,2.4,10000,51,55,3660,5493,48,0,0,,,2,4
1,Photography,2.7,10000,51,171,9,15106,161,30,13,1,1,5,2
1,Entertainment,2.8,5000,0,11,3,554,8,0,0,,1,2,10
1,Tools,2.9,50000,0,12,3,498,15,9,3,,,2,1
1,Arcade,2.3,10000,51,34,3,3388,68,38,18,,,2,15
1,Music & Audio,2.8,5000,51,24,3,1540,31,6,3,2,,2,8
1,Sports,2.7,1000,51,604,9,59237,916,421,172,,2,2,9
1,Entertainment,2,1000,50,90,3,11251,143,33,15,3,1,4,13
1,Business,2.8,1000,51,386,3,29005,414,76,34,,5,3,6
1,News & Magazines,2.5,1000,50,1764,12,198611,2230,751,287,2,1,3,27
1,Education,2.9,100000,51,1386,12,117734,1654,551,186,1,1,5,4
1,Business,2.6,1000,50,1275,6,175450,3850,2521,448,3,2,5,7
1,News & Magazines,2.9,1000,92,612,6,76031,852,378,141,,1,2,4
1,News & Magazines,2.8,10000,51,800,15,86806,1115,418,163,,1,2,8
1,Music & Audio,2.4,1000,51,109,3,9328,235,227,25,4,1,2,2
1,Entertainment,2.3,1000,51,93,3,5631,100,11,5,1,1,3,7
1,Music & Audio,2.8,1000,0,325,6,29724,434,213,89,,2,2,7
1,Media & Video,2.8,5000,51,67,6,7953,142,55,24,,2,2,7
1,Puzzle,2.7,1000,51,21,3,1376,35,28,10,2,,2,20
1,Travel & Local,1.9,1000,51,69,6,3134,13,4,2,,,2,6
1,Entertainment,2.8,1000,51,24,3,2212,35,14,7,,,2,1
1,Libraries & Demo,2.4,10000,0,21,3,1973,30,2,1,,,2,16
1,Lifestyle,2.9,5000,0,19,9,1303,16,2,1,,,2,4
1,Social,2.5,1000,51,1446,5057,96331,1280,436,148,,2,6,4
1,Media & Video,2.4,1000,0,61,3,3555,78,16,7,,2,2,8
1,Comics,2,10000,51,107,3,11668,193,58,27,,,2,4
1,Comics,2.5,5000,51,77,3,8594,138,37,17,,,2,3
1,Lifestyle,2.5,5000,0,22,3,1137,29,4,2,,,2,4
1,Entertainment,2.9,50000,0,9,3,253,3,2,1,,1,2,1
1,Shopping,2.8,10000,51,236,9,16686,323,104,44,,,2,15
1,Business,2.9,10000,51,164,9,15280,289,81,37,3,,2,17
1,Lifestyle,2.8,10000,0,98,3,7070,137,104,26,,1,2,9
1,Education,2.3,1000,51,459,9,48434,676,274,114,2,5,2,3
1,Travel & Local,2.9,5000,50,348,6,31820,461,146,53,3,1,2,5
1,Entertainment,2.7,5000,51,131,5095,9745,136,30,10,,,2,4
1,Entertainment,2.8,1000,51,111,3,12191,174,47,21,,,2,5
1,Media & Video,2.4,10000,51,94,6,12955,306,142,33,,,2,3
1,Puzzle,2.6,5000,51,23,3,1877,44,16,6,1,,3,10
1,Lifestyle,2.4,1000,51,83,6,8905,167,53,23,,,2,6
1,Tools,2.8,1000,50,84,6,10293,132,27,12,,,2,15
1,Entertainment,2.8,1000,51,104,3,13931,119,30,12,,,2,8
1,Media & Video,1.8,10000,51,114,3,12296,169,47,21,,,2,5
1,Entertainment,2.2,5000,50,75,12,7878,117,30,15,5,,2,14
1,Entertainment,2.1,1000,51,111,3,12191,174,47,21,,,2,3
1,Media & Video,2.5,10000,51,113,6,12000,172,49,22,,,2,4
1,Puzzle,2.5,10000,0,84,3,5687,117,41,14,,,2,4
1,Business,2.3,1000,51,63,9,4856,103,8,4,,1,2,4
1,Tools,2.7,1000,0,16,3,758,14,4,2,,,2,1
1,Tools,2.5,10000,51,45,9,3672,55,19,9,,,2,1
1,News & Magazines,2.1,50000,51,71,3,9332,110,25,12,,9,2,26
1,News & Magazines,2.2,100000,51,940,9,72370,1178,189,79,,,5,4
1,Health & Fitness,2.5,1000,51,1257,15,233544,3320,1428,373,,7,2,3
1,Business,2.7,100000,50,683,12,59730,1051,284,112,1,,2,6
1,Travel & Local,1.8,1000,0,629,9,91286,2047,1683,213,,3,2,6
1,Lifestyle,2.8,1000,51,134,6,13583,211,67,28,6,,2,4
1,Sports,2.1,1000,51,541,6,46967,701,343,129,,4,2,22
1,Puzzle,1.2,1000,0,14,3,1719,9,0,0,,,2,10
1,Puzzle,1,1000,51,107,5117,15066,134,14,7,,,2,13
1,Lifestyle,2.5,1000,51,3977,22,376664,7079,4200,1256,2,2,5,13
1,Arcade,2.6,1000,51,600,3555,67571,950,260,114,1,2,2,4
1,Casual,2.5,1000,51,37,3,6233,74,12,6,,1,2,7
1,Productivity,2.4,1000,51,188,3357,16495,216,69,28,1,,2,11
1,Social,2.9,5000,50,611,12,58833,698,219,63,1,2,5,6
1,Education,1,1000,51,279,3390,22644,328,111,44,1,,2,5
1,Card,2.8,1000,51,1264,15,237625,3289,1406,376,,7,2,13
1,Tools,2.5,10000,51,2325,12,159035,2226,670,221,,1,2,2
1,Business,2.1,1000,51,549,6,61689,776,283,110,,1,2,1
1,Entertainment,1.6,1000,51,116,3,10323,187,61,23,,1,5,2
1,Business,2.4,1000,51,499,348,60686,673,172,70,1,,2,8
1,Business,2.7,100000,50,683,12,59743,1051,287,112,1,,2,8
1,Transportation,1.4,1000,51,61,5095,6165,58,2,1,,,3,5
1,Transportation,2.5,1000,51,61,5095,6165,58,2,1,,,3,14
1,News & Magazines,1.5,5000,51,119,3,13033,198,53,24,,,2,2
1,Tools,2,1000,50,186,3357,15381,213,67,27,3,1,2,4
1,Tools,2.3,1000,0,36,3,3280,79,51,12,,1,2,5
1,Puzzle,2.5,1000,51,60,5095,6122,57,0,0,,,2,29
1,Productivity,2.1,5000,0,15,3,973,23,4,2,1,1,2,4
1,Shopping,2.1,10000,0,56,3,5854,111,33,14,,8,2,2
1,Transportation,2.8,1000,51,61,5095,6165,58,2,1,,,3,2
1,Entertainment,2.5,10000,51,63,3,5544,120,46,20,,,2,1
1,Transportation,2.4,5000,51,61,5095,6165,58,2,1,,,3,3
1,Shopping,2.9,5000,0,28,6,1109,21,4,2,,,2,1
1,Communication,2.7,10000,51,49,6,4492,72,14,7,,,3,4
1,Tools,2.9,50000,0,11,3,618,14,2,1,,,2,3
1,Travel & Local,2.9,100000,51,107,3,8142,109,23,10,,1,2,9
1,Photography,2.7,100000,51,79,3,8078,103,10,4,1,1,3,8
1,Entertainment,2.5,1000,50,1398,15,116719,1645,405,164,1,4,3,3
1,Entertainment,2.8,1000,95,809,5105,76656,1100,433,126,6,1,2,30
1,Business,2.8,1000,50,972,12,86237,1236,321,108,9,1,2,16
1,Finance,2.1,1000,51,1278,9,125426,1768,824,275,,3,2,8
1,Media & Video,2.5,10000,51,129,5111,11406,128,33,14,1,,2,6
1,Shopping,2.9,10000,51,316,6,22941,304,49,22,,4,3,6
1,Finance,2.8,1000,51,836,9,77422,1047,153,66,,3,3,9
1,Travel & Local,2.5,1000,50,1134,9,132327,1867,678,244,,2,3,55
1,Travel & Local,1,1000,51,319,6,23129,310,53,23,,4,3,18
1,Entertainment,2.6,10000,51,377,3,38081,471,217,63,1,3,4,14
1,Lifestyle,2.3,1000,100,4707,30,584363,8909,4573,1235,,5,6,2
1,Transportation,2.8,5000,50,2408,15,293714,4949,3158,688,,1,5,2
1,Sports,2.4,1000,51,1469,18,160857,2981,1075,405,,6,2,13
1,Business,2.2,10000,0,36,6,4891,25,4,2,,,2,17
1,Medical,2.6,10000,51,282,3390,23823,361,144,53,1,,2,8
1,Entertainment,2.2,50000,0,15,3,736,13,0,0,,,2,4
1,Education,2,1000,51,114,6,8104,86,39,13,,1,2,6
1,Tools,1.4,1000,51,51,115,7345,95,16,5,,,2,2
1,Lifestyle,2.7,1000,51,118,6,12578,129,14,7,,1,2,12
1,Finance,2.9,1000,51,36,6,2409,39,8,4,,,2,6
1,Puzzle,2.8,5000,51,65,6,7755,119,27,12,,,2,3
1,Tools,2.9,10000,50,67,6,7887,118,27,12,2,,2,16
1,Tools,2.5,10000,51,50,6,4597,72,55,12,,,2,1
1,Health & Fitness,2.9,1000,51,494,9,50254,691,322,132,,1,2,10
1,Entertainment,2.8,1000,51,17,3,1176,16,0,0,,1,2,9
1,Finance,2.4,1000,50,96,6,10619,132,21,9,7,1,2,7
1,Puzzle,2.6,1000,50,201,77,20161,285,125,34,,1,2,5
1,Personalization,2.9,10000,51,67,3,7684,79,41,17,3,,2,3
1,Puzzle,2.8,10000,92,992,15,119989,1289,395,152,,5,2,6
1,Communication,2.8,1000,50,800,6,97060,1621,855,291,1,,2,3
1,Comics,2.3,1000,50,786,9,79807,1203,368,156,1,6,3,11
1,Arcade,2.8,10000,,39,3,2251,47,4,2,,1,2,18
1,Casual,2.6,10000,51,53,3660,5536,52,0,0,,,2,9
1,Weather,2.9,5000,,9,3,354,2,0,0,3,,3,6
1,Casual,2.8,1000,92,1065,9,122838,1306,449,152,,1,6,17
1,Sports,2.4,5000,51,24,3,1811,24,6,2,,,2,6
1,Tools,2.7,1000,,75,3,4569,80,35,12,,1,2,6
1,Casual,2.9,1000,51,50,3,3161,67,22,10,,,5,8
1,Puzzle,2.9,1000,51,45,3,5255,70,15,7,,,5,16
1,Shopping,2.4,1000,51,116,9,13200,187,39,17,1,,2,6
1,Lifestyle,2.9,1000,51,69,6,7466,82,4,2,,1,2,5
1,Education,2.4,1000,51,323,6,64982,496,152,53,1,1,2,10
1,Lifestyle,2.8,1000,51,8,3,265,6,2,1,1,,2,11
1,Lifestyle,2.9,1000,100,2560,12,287909,5250,3439,603,1,5,2,2
1,Entertainment,2.8,1000,51,133,3676,8469,114,62,9,1,,2,7
1,Casual,2.9,100000,0,8,3,292,6,0,0,,,2,6
1,Tools,2.3,1000,0,27,3,1977,51,6,3,,,2,9
1,Travel & Local,1,1000,51,1984,15,214228,3452,1750,354,,4,2,2
1,Entertainment,2.9,10000,51,78,3,8600,97,4,2,,1,2,2
1,Entertainment,2.9,100000,51,1032,12,104283,1076,201,73,1,1,5,8
1,Business,2.4,1000,51,10,3,802,25,8,4,,,2,3
1,Weather,2.6,5000,50,208,9,25590,347,78,34,1,5,5,3
1,Music & Audio,2.9,5000000,50,4983,12,502133,7409,2693,806,7,4,6,6
1,Puzzle,1,1000,51,113,5098,16520,266,70,30,,1,2,17
1,Business,2.2,1000,51,84,3,5012,88,9,4,1,1,3,2
1,Finance,2.8,10000,51,80,9,8426,75,2,1,,,,9
1,Entertainment,2.9,50000,92,3425,15,362014,6380,4151,841,1,5,2,4
1,Productivity,2.1,100000,51,1516,12,144058,1949,486,190,2,7,8,12
1,Entertainment,2,1000,51,286,6,31814,369,67,28,4,4,2,16
1,Social,2.3,1000,51,9,3,250,3,2,1,,,2,6
1,Entertainment,2.7,100000,92,1212,6,197131,2291,1438,327,,2,2,3
1,Puzzle,2.5,5000,51,215,6,20310,196,30,13,,2,2,6
1,Puzzle,2.6,5000,51,316,6,34728,333,53,22,,4,2,18
1,Entertainment,2.3,1000,51,479,9,44825,583,239,99,,2,2,8
1,Sports,2.8,10000,100,1269,6,146536,2039,987,314,2,3,2,1
1,Lifestyle,2.9,10000,50,2607,18,289563,5056,3184,682,1,3,3,3
1,Music,2.9,1000,92,1319,12,154937,1780,758,301,,8,2,2
1,Transportation,2.6,5000,51,41,3,3130,59,27,8,,,2,10
1,Finance,2.7,10000,51,1673,12,198608,2612,1061,362,1,1,5,1
1,Social,2.8,10000,92,3596,15,372494,5963,2855,937,1,9,5,1
1,News & Magazines,2.3,100000,51,1793,12,201416,2546,1187,382,1,1,4,10
1,Education,2.9,5000,51,38,6,4069,57,22,10,1,,2,5
1,Entertainment,2.7,1000,50,196,6,19525,421,117,40,4,2,2,14
1,Entertainment,2.8,50000,51,62,3,6920,111,28,14,1,1,2,18
1,Productivity,2.6,10000,51,37,3,5837,45,12,6,,1,2,6
1,Family,2.4,10000,51,55,3682,5709,68,10,4,,,2,3
1,Shopping,2.6,5000,51,81,3,6833,142,46,18,,,3,12
1,Casual,2.9,5000,51,92,3,9995,150,41,19,1,,2,2
1,Productivity,2.5,1000,51,50,3,4506,42,10,4,,,4,5
1,Tools,2.4,5000,51,52,115,7386,96,16,5,,,2,10
1,Entertainment,2.7,1000,0,18,3,877,20,8,4,,,3,11
1,Puzzle,2.9,5000,0,9,3,330,6,0,0,,,2,5
1,Tools,2.7,1000,50,68,3,7938,133,39,17,2,,2,4
1,Arcade,1.3,1000,0,92,6,10826,173,45,19,,,4,9
1,Finance,2.8,5000,51,123,6,12321,171,47,21,,,2,8
1,Media & Video,2,5000,51,57,3,3339,99,14,6,,,4,6
1,Puzzle,2.4,1000,51,553,9,50269,744,287,117,,1,2,12
1,Tools,2.9,50000,51,1322,15,297213,3836,1816,417,1,10,2,2
1,Tools,2.8,1000000,92,216,6,41501,236,51,22,,1,2,25
1,Entertainment,2.8,1000,51,64,5114,6551,69,2,1,,,2,12
1,Puzzle,2.9,5000,92,513,9,46668,739,193,81,1,6,2,5
1,Puzzle,2.7,1000,51,843,6,74244,1006,412,169,1,3,5,21
1,Card,2.5,1000,92,4194,15,458684,7509,4301,1053,,8,2,10
1,Puzzle,2.7,1000,51,47,3,6252,20,0,0,,,2,8
1,Card,2.7,10000,51,26,3,2121,61,14,7,,,3,6
1,Entertainment,2.9,1000,51,366,6,33977,570,120,51,,1,2,7
1,Puzzle,1.8,1000,51,40,6,2976,80,25,12,,6,2,7
1,Transportation,2.9,5000000,50,2202,18,247038,4111,1818,503,4,4,5,14
1,Entertainment,2.8,1000,51,1450,269570,143209,1554,1111,179,,3,2,3
1,Puzzle,2.8,50000,92,860,72,123677,1536,818,211,,7,2,6
1,Social,1.7,1000,51,158,9,13508,180,20,8,2,1,5,30
1,Education,2.6,1000,51,180,6,21276,391,140,62,1,2,2,12
1,Photography,2.9,10000,,108,6,7745,170,51,20,1,,2,3
1,Music & Audio,2.4,50000,100,553,6,72775,707,278,113,,2,3,12
1,News & Magazines,2.7,1000,51,187,3357,15927,212,65,26,,,2,6
1,Entertainment,2.4,10000,92,574,12,65703,731,283,111,1,7,2,6
1,Books & Reference,2.9,1000,51,391,9,39033,615,149,60,,,2,2
1,Books & Reference,2.3,10000,51,227,3354,20416,314,100,41,,6,2,2
1,Casual,2.7,10000,0,12,3,569,10,0,0,,1,2,2
1,Arcade,2.8,1000,,105,6,17232,170,60,28,,,2,2
1,Sports,2.7,1000,51,89,6,8233,136,44,19,2,,2,7
1,Entertainment,2.8,5000,51,145,6,11571,118,4,2,,1,2,11
1,Finance,2.7,5000,51,812,9,67592,1205,542,191,1,1,2,3
1,News & Magazines,2.6,10000,51,1268,9,125874,2116,808,247,,3,6,9
1,Books & Reference,2.8,1000,51,763,9,78350,1413,704,176,3,2,2,5
1,Tools,2.4,10000,50,591,9,58554,897,420,140,2,1,3,6
1,Tools,2.6,100000,51,634,9,55512,708,100,44,3,3,5,6
1,Entertainment,2.2,1000,50,191,6,12835,254,97,38,1,1,4,10
1,Transportation,2.9,5000000,51,2430,18,269241,4387,1930,550,5,3,5,17
1,Tools,2.3,1000,0,6,3,129,615,149,60,,,2,6
1,Travel & Local,2.5,1000,50,1457,103,157572,1935,696,292,3,6,5,1
1,Entertainment,2.9,10000,51,732,9,77323,1215,430,172,8,1,2,7
1,Business,2.6,1000,50,1284,6,176266,3854,2509,449,3,2,5,3
1,Education,2.7,5000,0,260,6,24526,328,81,35,,3,2,3
1,Books & Reference,2.6,1000,51,1442,9,119700,1618,549,198,2,1,5,6
1,Puzzle,2.9,1000,92,554,5098,48608,868,236,94,1,1,2,5
1,Education,2.3,1000,51,402,12,47276,792,537,177,3,,2,4
1,Media & Video,2.6,50000,51,1502,12,175560,2421,1131,345,,2,2,9
1,News & Magazines,2,1000,51,85,6,9573,119,13,5,,,2,4
1,Productivity,2.4,1000,51,188,3357,16495,216,69,28,1,,2,9
1,Travel & Local,2.9,5000,50,614,3,44171,894,363,134,3,,2,4
1,News & Magazines,2.3,100000,51,1792,12,201445,2545,1189,383,1,1,4,5
1,Puzzle,2.5,10000,100,2377,9,237923,3245,1319,483,1,2,2,6
1,Tools,1.8,10000,50,829,9,71394,1547,724,162,5,,3,26
1,Tools,1.4,10000,50,1030,16,125900,1562,522,179,5,4,2,6
1,Sports,2,5000,51,62,5095,6225,59,0,0,,,2,2
1,Communication,1.8,1000,50,146,12,10707,215,67,22,4,3,2,1
1,Tools,2.7,1000,50,319,6,23141,310,53,23,,3,3,15
1,Entertainment,2.8,1000,50,114,9,12007,146,19,8,1,4,3,18
1,Books & Reference,2.7,1000,95,844,9,116335,1619,744,209,7,2,2,10
1,Travel & Local,2.9,1000,51,493,9,50903,788,355,132,1,3,2,3
1,Productivity,2.9,5000,50,1667,21,175441,3451,1969,601,5,,2,24
1,Sports,2.9,50000,92,552,6,71235,705,280,116,,1,2,1
1,Card,2.3,1000,51,822,9,76389,1003,300,114,,4,2,7
1,Tools,2,1000,51,446,9,50390,866,408,157,1,1,2,10
1,Medical,2.9,1000,50,103,9,12537,172,31,13,7,1,2,4
1,Educational,2.7,1000,92,273,5104,28813,440,104,49,,10,2,3
1,Productivity,2.9,10000,51,1744,15,194638,2968,1148,439,1,4,6,5
1,Arcade,2.6,10000,0,147,6,10220,129,13,6,2,1,2,11
1,Personalization,2.7,5000,92,943,12,121199,1629,966,257,1,2,2,6
1,Entertainment,2.8,5000,51,1266,15,281267,3650,1684,399,,10,2,2
1,Sports,2.3,5000,50,58,6,8939,64,15,7,2,,2,5
1,Social,2.3,5000,51,138,3,15318,289,77,35,2,1,4,19
1,Shopping,2.7,5000,50,1410,18,138849,1877,732,269,2,6,3,13
1,Lifestyle,2.9,1000,51,684,9,63737,852,351,146,2,3,2,2
1,Business,2.6,1000,51,215,6,22833,283,96,40,,,2,1
1,Tools,2.8,5000,51,22,3,1842,12,12,5,,,5,1
1,Shopping,2.2,1000,51,57,3,6447,101,26,13,,,2,1
1,Education,2.3,1000,92,242,9,23674,417,101,47,,9,2,8
1,Casual,2.7,1000,51,70,5111,6431,63,4,2,,,2,11
1,Entertainment,2.9,1000,92,627,9,82588,848,320,131,,2,2,10
1,Puzzle,2.1,1000,0,345,6,30752,458,220,91,1,3,2,3
1,Music & Audio,2.9,1000,92,1694,5123,172785,2535,1358,348,3,2,5,1
1,Music & Audio,2.7,1000,51,17,3,1497,5,0,0,,1,2,6
1,Communication,2.7,5000,51,31,3,4712,52,26,7,4,,2,1
1,Lifestyle,2.4,5000,92,676,14,101790,812,276,110,,1,2,12
1,Sports,2.7,1000,51,235,6,21342,448,208,88,,5,2,13
1,Education,2.7,10000,51,238,15,22295,190,83,34,3,,2,4
1,Business,2.6,5000,51,243,6,22691,380,157,66,,,3,3
1,Media & Video,2.8,1000,88,856,5105,80807,1141,467,136,6,,2,1
1,Lifestyle,2.8,1000,100,5165,15,523427,6772,4788,673,2,1,8,8
1,Sports,2.4,1000,0,59,6,5184,155,50,22,1,9,3,3
1,Sports,2.2,5000,50,718,6,75209,1049,585,249,1,1,2,4
1,News & Magazines,2.8,1000,92,575,6,74777,707,268,114,,1,2,2
1,Business,2.9,1000,51,233,3660,28039,385,101,47,1,5,2,8
1,Casual,2.9,10000,0,97,6,9100,110,20,7,,8,2,4
1,Education,2.5,5000,0,280,9,26208,495,210,94,,6,2,3
1,Books & Reference,2.9,10000,51,123,6,11940,149,23,9,,2,2,4
1,Entertainment,2.9,1000,51,118,3,6997,118,16,7,1,1,3,5
1,Transportation,2.2,1000,50,269,9,40532,469,188,58,1,1,4,1
1,Business,2.8,1000,50,1239,12,113374,2000,792,283,3,1,2,11
1,Transportation,2.8,1000,50,269,9,40532,469,189,59,1,1,4,2
1,Puzzle,2.8,1000,92,348,9,53501,460,109,49,,1,4,2
1,Media & Video,2.9,5000,92,2833,9,338045,5522,3988,801,2,2,2,2
1,Music & Audio,2.8,5000,50,202,6,22969,265,87,31,2,,2,9
1,Books & Reference,1,1000,51,6,3,131,1,0,0,,,2,4
1,Travel & Local,1.9,5000,51,13,6,350,7,4,2,,,2,8
1,Entertainment,2.8,5000,0,8,3,205,1,0,0,,,2,2
1,Tools,2.1,1000,51,7,3,534,2,0,0,,,2,9
1,Tools,2.9,1000,0,7,3,231,1,0,0,,,3,2
1,Productivity,2.9,5000,0,6,3,129,1651,526,225,,,2,4
1,Entertainment,1.8,10000,51,6,3,161,1,0,0,,,2,4
1,News & Magazines,2.9,10000,0,1,3,48,1,0,0,,,2,3
1,Travel & Local,2.9,1000,50,589,9,66312,977,423,179,1,4,2,4
1,Communication,2.8,10000,92,1573,9,177110,2370,1050,230,,1,2,10
1,Entertainment,2.9,50000,51,962,3393,85687,1383,682,195,,1,5,2
1,Social,2.8,1000,51,29,3,3224,63,12,6,,,4,4
1,Puzzle,2.8,1000,0,38,6,3155,8,4,1,,1,2,10
1,Health & Fitness,2.7,1000,0,64,3,8907,110,21,10,,10,2,3
1,Card,2.4,1000,51,630,9,63993,799,289,119,,5,2,8
1,Education,2.8,5000,92,1996,18,267936,4313,3005,500,,6,2,10
1,Education,2.9,10000,51,86,6,9318,159,96,31,3,,2,3
1,News & Magazines,2.9,100000,51,34,3,3371,72,25,10,,,2,18
1,Lifestyle,2.8,1000000,50,245,6,13027,263,111,36,8,,5,5
1,Tools,2.2,10000,51,6,3,132,1,0,0,1,,2,2
1,Communication,2.9,1000,51,1311,15,285921,3746,1759,412,2,11,2,14
1,Puzzle,1.7,1000,51,65,3666,8216,76,0,0,,1,2,3
1,Health & Fitness,1.2,1000,51,952,6,86036,1058,261,97,1,1,2,1
1,Health & Fitness,2.8,5000,50,201,77,20157,285,125,34,,1,2,1
1,Finance,2.7,1000,51,72,6,10867,123,43,15,,,2,1
1,Entertainment,2.3,1000,92,627,9,82588,848,322,132,,2,2,14
1,News & Magazines,2.9,100000,100,3594,15,471319,9048,6327,1012,5,3,,6
1,Puzzle,2.8,1000,50,12,3,1487,1,0,0,,,,4
1,Tools,2.5,10000,51,2325,12,159056,2226,669,222,,1,,2
1,Simulation,2.8,50000,92,596,6,78411,716,303,122,,3,,
1,Tools,1.4,10000,50,1031,16,126253,1563,520,179,5,4,,
1,Transportation,2.9,5000000,51,2441,18,270957,4408,1919,546,5,3,,
1,Lifestyle,2.5,5000,92,675,14,101838,813,278,111,,1,,
1,Tools,2.9,1000,92,1424,9,201910,3603,2605,415,1,1,,
1,Entertainment,2.7,1000,100,1160,6,92659,1607,669,150,,2,,
1,Transportation,2.7,5000,50,2415,15,294950,4970,3194,703,,1,,
1,Health & Fitness,2.4,10000,0,322,6,29293,435,216,90,,2,,
1,Medical,2.9,1000,51,166,3,31849,182,33,14,,5,,
1,Tools,2.2,10000,51,50,3676,5208,53,0,0,2,,,
1,Entertainment,2.8,1000,51,1214,9,118706,1730,663,252,,1,,
1,Casual,2.6,1000,51,234,12,25740,344,67,28,,2,,
1,Lifestyle,2.6,10000,51,247,6,32422,384,95,43,1,4,,
1,Communication,2.8,1000,51,459,6,42154,566,308,102,4,,,
1,Business,2.3,1000,50,52,6,4692,96,45,16,1,,,
1,Business,2.8,1000,51,309,6,22531,291,46,20,,4,,
1,Puzzle,2.8,10000,0,33,3,2884,81,10,4,,,,
1,Productivity,2.7,5000,0,22,3,1662,7,0,0,2,1,,
1,Travel & Local,2.2,5000,51,83,6,12419,70,18,7,,2,,
1,Communication,2.3,1000,51,74,3,6253,46,9,4,1,,,
1,Health & Fitness,1,1000,0,7,3,157,67,5,1,,,,
1,Communication,2,1000,51,77,3663,7599,84,18,5,,,,
1,Finance,2.9,1000,51,76,12,7849,115,34,15,,,,
1,Entertainment,2.8,5000,0,9,3,311,6,0,0,,1,,
1,Communication,2.9,1000,51,96,3663,9432,57,2,1,,,,
1,Tools,2.4,10000,0,33,3,2110,42,8,4,2,,,
1,Photography,2.2,50000,51,153,9,13915,218,65,30,,1,,
1,Transportation,2.2,5000,100,2215,9,272738,4654,3376,601,2,2,,
1,Tools,2.5,10000,50,2395,12,253765,4732,2949,614,11,2,,
1,Finance,2,1000,51,73,3,10824,121,43,15,,,,
1,Sports,2.8,5000,51,201,6,18322,195,42,17,,1,,
1,Travel & Local,2.5,1000,51,482,6,46139,665,321,126,1,2,,
1,Puzzle,2.6,1000,51,72,3663,6634,83,8,4,,,,
1,Social,2.7,1000,50,1128,9,129631,2302,1078,281,1,3,,
1,Communication,2.4,1000,51,450,6,30829,476,276,93,1,2,,
1,Communication,2.9,100000,88,2243,9,269188,4847,3090,610,6,8,,
1,News & Magazines,2.8,5000,100,4649,12,559339,8967,5405,1172,,3,,
1,Photography,1,1000,51,10,3,525,12,0,0,,1,,
1,Entertainment,2.7,1000,51,1705,18,188685,2971,1338,320,1,5,,
1,Lifestyle,2.1,1000,50,429,6,43225,775,377,88,2,1,,
1,Finance,2.1,1000,50,964,9,79511,1325,740,254,,2,,
1,News & Magazines,1,1000,51,1197,9,117506,1990,790,236,,3,,
1,Entertainment,2.7,50000,0,8,3,215,2,0,0,,1,,
1,Tools,2.9,5000,51,73,6,7893,92,4,2,,1,,
1,Travel & Local,2.9,1000,51,11,3,369,6,0,0,,,,
1,Entertainment,2.8,1000,0,16,3,981,13,2,1,,,,
1,Tools,1.4,1000,51,86,3663,8775,130,25,10,,,,
1,Communication,2.6,1000,50,73,6,8553,128,40,16,2,,,
1,Tools,2.8,5000,51,137,6,11225,111,2,1,1,3,,
1,Travel & Local,2.9,1000,51,27,6,2188,46,16,7,,,,
1,Lifestyle,2,10000,51,30,3,2829,21,6,3,1,,,
1,Puzzle,2.9,10000,51,23,3,2613,25,0,0,,,,
1,Entertainment,2,1000,51,1073,12,88650,1797,866,308,,1,,
1,Medical,2.8,10000,92,517,6,68752,660,254,105,1,2,,
1,Photography,2.8,1000,50,978,12,79351,1091,247,97,,3,,
1,Communication,2.8,5000,51,459,6,42176,566,312,103,4,,,
1,News & Magazines,2.7,10000,50,1764,12,198611,2230,751,288,2,1,,
1,Finance,2.8,1000,50,562,6,45975,741,225,71,2,,,
1,News & Magazines,2.9,5000,50,1764,12,198611,2230,751,289,2,1,,
1,Puzzle,2.7,5000,51,694,9,83949,971,374,144,,3,,
1,News & Magazines,2.3,5000,50,1764,12,198611,2230,752,291,2,1,,
1,Lifestyle,2,1000,51,10,3,282,1,0,0,,,,
1,News & Magazines,1.9,1000,50,1764,12,198611,2230,752,288,2,1,,
1,News & Magazines,2,1000,50,1764,12,198611,2230,748,287,2,1,,
1,News & Magazines,2,5000,50,1764,12,198611,2230,752,289,2,1,,
1,Entertainment,2.6,10000,51,521,9,49894,681,272,108,,4,,
1,Entertainment,2.7,10000,50,232,3,22276,303,94,42,2,1,,
1,Books & Reference,2.6,5000,50,476,3,37411,641,254,107,,2,,
1,Finance,2.7,5000,50,322,12,26446,426,85,33,1,1,,
1,News & Magazines,2.4,100000,0,6,3,132,1,0,0,,,,
1,Libraries & Demo,2.8,100000,0,96,6,9108,116,14,6,2,,,
1,Arcade,2,10000,51,119,3,12222,181,49,22,,,,
1,Education,2.6,10000,0,41,9,4355,35,6,3,,,,
1,Health & Fitness,2.8,1000,0,52,3,3214,49,10,5,,1,,
1,Entertainment,2.8,1000,0,12,3,656,8,2,1,,,,
1,Travel & Local,1,1000,50,70,5095,7553,92,2,1,,,,
1,Tools,1.7,1000,0,55,6,7195,97,53,13,,1,,
1,Education,2.2,1000,51,109,3,11785,170,47,21,,,,
1,Weather,2.9,1000,51,38,3,3427,37,0,0,,,,
1,Entertainment,2.4,10000,51,34,3,3742,64,8,4,,1,,
1,Puzzle,2.6,50000,51,84,3,7489,88,26,11,,,,
1,Health & Fitness,2.6,1000,51,654,15,70194,1141,330,136,7,1,,
1,Communication,2.8,1000,51,696,18,80775,1696,762,195,,2,,
1,Communication,2.7,1000,50,48,3,4093,90,35,14,2,,,
1,Business,2.9,1000,50,1182,10,104145,1145,291,112,2,1,,
1,News & Magazines,2.9,10000,50,1764,12,198611,2230,752,289,2,1,,
1,Personalization,2.4,1000,51,141,6,13922,257,81,36,,1,,
1,Entertainment,2.5,1000,50,96,3,10220,152,33,15,2,1,,
1,Shopping,2.3,5000,0,6,3,134,1,0,0,,,2,
1,Books & Reference,2.9,10000,50,1668,12,118179,1578,736,286,4,2,2,
1,News & Magazines,2.6,1000,50,1692,12,171609,2230,753,289,2,1,3,
1,Entertainment,1.8,1000,51,116,3,10323,187,61,23,,1,5,
1,Shopping,2.8,50000,51,445,9,39982,515,208,87,,1,2,
1,News & Magazines,2,1000,51,525,12,62910,1122,532,175,,,2,
1,Media & Video,2.6,10000,51,74,3,5932,74,18,9,,,5,
1,Finance,2.7,1000000,51,204,9,26490,328,64,28,1,2,3,
1,Finance,2.6,5000,51,83,6,11996,166,18,9,,,2,
1,News & Magazines,2.8,5000000,51,1744,15,159213,1837,660,267,,2,5,
1,Business,2.8,1000,92,2876,9,327565,5914,4577,665,1,1,2,
1,Entertainment,2.1,5000,51,16,3,1875,10,4,2,3,1,2,
1,Casual,2.7,100000,51,1634,12,164167,2488,1004,367,1,3,5,
1,Tools,1.5,1000,0,18,3,778,13,0,0,,,4,
1,Entertainment,2.7,1000,0,8,3,256,1,0,0,,1,2,
1,Puzzle,2.8,1000,0,826,6,115172,2366,1299,409,,5,2,
1,Business,2.9,1000,51,989,15,57854,1119,368,86,,,2,
1,Education,2.8,1000,51,323,6,65018,496,152,53,1,1,2,
1,Business,1,1000,0,7,3,209,2,0,0,,,2,
1,Entertainment,2.1,1000,51,479,9,44825,583,239,99,,2,2,
1,News & Magazines,2.9,1000,100,3439,9,393568,6938,4924,861,1,3,3,
1,Tools,1.4,10000,50,1031,16,126312,1563,515,178,5,4,2,
1,Music & Audio,2.8,1000,50,1851,15,180135,2564,1065,384,,3,2,
1,Transportation,2.9,5000000,51,2444,18,271115,4425,1932,557,5,3,5,
1,Personalization,2.7,5000,92,3037,12,355291,6168,4597,893,1,2,2,
1,Music & Audio,2.9,1000,51,944,9,102080,1322,596,228,,6,2,
1,Media & Video,2.6,1000,92,1142,9,129253,1421,693,199,,3,2,
1,Puzzle,2.3,1000,51,170,3,14624,151,28,12,,2,2,
1,Books & Reference,2.9,100000,51,2985,9,291879,5845,2697,778,1,1,7,
1,Casual,2.6,5000,51,70,5111,6431,63,4,2,,,2,
1,Entertainment,2.6,5000,51,335,6,32520,460,145,62,,2,5,
1,Lifestyle,2.8,1000,100,5301,15,529880,6370,4388,688,2,2,8,
1,Tools,2.6,1000,51,214,6,17086,193,33,12,,1,2,
1,Card,2.6,1000,92,3301,9,373462,6520,4825,769,,5,2,
1,Health & Fitness,2.5,10000000,0,1028,6,92780,1175,692,163,,,,
1,Tools,2.8,100000,51,756,6,70020,977,416,166,,3,2,
1,News & Magazines,2.5,10000,51,802,9,95167,1879,934,244,2,4,2,
1,Simulation,2.7,10000,92,3406,6,376779,6734,4975,809,,3,2,
1,Music & Audio,2.8,50000,50,270,5117,31426,367,77,30,,1,2,
1,Lifestyle,2.8,1000,0,554,9,57178,866,273,101,,1,2,
1,News & Magazines,2.6,1000,100,2425,12,272876,3891,1820,658,3,3,2,
1,Education,1.5,50000,51,2197,15,300707,3540,1779,410,,6,2,
1,Lifestyle,2.3,1000,51,319,6,23129,310,53,23,,4,3,
1,Business,2.9,50000,50,623,9,70829,955,337,140,3,,2,
1,Media & Video,2.9,10000,51,354,10,54005,517,184,70,2,1,4,
1,Transportation,2.7,1000,51,73,3,7298,149,44,22,8,,3,
1,Finance,2.3,5000,50,990,9,82442,1354,759,239,,2,5,
1,Puzzle,2.6,10000,50,63,3,6137,60,25,7,,,2,
1,Lifestyle,2.7,5000,51,27,6,2955,27,10,5,,,2,
1,Tools,2.6,1000,50,43,6,4493,81,14,7,3,,2,
1,Lifestyle,2.5,1000,51,17,3,1058,34,13,6,2,,2,
1,Travel & Local,2.7,1000,51,35,3,4699,70,10,5,,,2,
1,Travel & Local,2.4,1000,50,14,3,467,5,0,0,4,,3,
1,Health & Fitness,2.7,1000,0,14,6,758,2,0,0,,,2,
1,Education,2.8,1000,0,17,6,565,14,10,5,,1,2,
1,Finance,1.4,1000,51,136,6,19323,171,25,12,,3,2,
1,Health & Fitness,2.8,1000,51,109,3,7562,102,8,4,2,1,2,
1,Tools,2.6,5000,0,9,3,216,1,0,0,,,2,
1,Finance,2.6,5000,51,12,6,503,8,2,1,,,2,
1,Books & Reference,2.8,100000,52,2159,15,184220,2213,592,224,4,3,5,
1,Productivity,2.6,10000,51,70,6,7261,84,4,2,,1,2,
1,Books & Reference,2.9,50000,51,67,3,7156,121,26,13,,,2,
1,Health & Fitness,2.8,1000,50,2662,18,428273,5731,3373,612,1,5,2,
1,Transportation,2.7,10000,50,2435,15,295472,4982,3204,699,,1,5,
1,Shopping,2.7,5000000,50,337,6,25713,325,52,23,3,3,6,
1,News & Magazines,2.9,1000,50,1764,12,198611,2230,750,287,2,1,3,
1,News & Magazines,2.9,1000,50,1692,12,171609,2230,746,287,2,1,3,
1,Business,2.9,5000,50,1185,10,104227,1146,293,111,2,1,2,
1,Lifestyle,2.6,5000,50,537,9,79285,1170,463,151,2,,2,
1,Puzzle,2.9,10000,51,119,6,13096,187,54,24,,,2,
1,Entertainment,2.2,5000,51,109,3,11785,170,47,21,,,4,
1,Finance,1,1000,0,54,3,5382,54,21,10,,,2,
1,Books & Reference,1.7,1000,0,33,3,3076,36,9,4,,2,2,
1,Social,2.8,1000,51,67,3,7459,122,30,15,,,6,
1,Travel & Local,2,1000,50,58,3,5945,114,33,14,5,1,2,
1,Entertainment,2.8,1000,51,56,3660,5580,55,0,0,,1,2,
1,Lifestyle,2.6,5000,0,29,3,1921,45,18,8,2,,2,
1,Libraries & Demo,2.7,5000,51,140,3343,8024,126,15,6,,,2,
1,Finance,2.8,5000,51,33,3,3320,28,2,1,,1,2,
1,Health & Fitness,2,1000,51,119,6,12142,171,47,21,,,2,
1,Puzzle,2.9,10000,51,114,3,12188,180,55,25,,,2,
1,Entertainment,2.4,50000,51,16,3,900,21,11,5,,,2,
1,Tools,1,1000,50,193,6,14202,265,84,37,5,,5,
1,Puzzle,2.6,100000,51,275,9,32211,394,76,34,,2,3,
1,Travel & Local,1.9,1000,50,165,6,17936,241,59,23,1,,2,
1,Travel & Local,2.2,1000,50,165,6,17936,241,59,23,1,,2,
1,Puzzle,2.5,1000,50,70,3,8759,116,32,15,,1,2,
1,Lifestyle,2.2,1000,50,97,6,7443,116,12,6,3,,2,
1,Finance,2,1000,51,1240,15,138025,2622,923,343,2,4,2,
1,Finance,2.7,1000,51,467,5074,31045,723,303,114,1,1,2,
1,Books & Reference,2.5,10000,50,1718,21,176492,2315,838,293,4,2,5,
1,Lifestyle,2.2,10000,50,79,3,8874,149,25,12,2,1,4,
1,Finance,2.9,5000,50,2849,15,304735,6739,3729,921,1,4,2,
1,Books & Reference,2.9,50000,51,2602,85,297016,5365,3465,790,1,2,5,
1,Lifestyle,2.9,1000,51,256,3381,23662,354,123,50,1,1,3,
1,Communication,2.8,10000,51,545,6,59354,830,413,153,4,,5,
1,Education,2.9,10000,51,4700,12,471391,7564,3673,1253,2,1,2,
1,Education,2.5,100000,51,317,9,36091,457,119,50,1,1,5,
1,News & Magazines,2.5,1000,50,733,9,67801,1044,403,162,1,3,2,
1,Productivity,2.3,50000,0,27,3,1245,18,3,1,,,2,
1,Tools,2.9,5000,51,47,9,3698,48,10,5,,,2,
1,Tools,2.8,10000,51,99,3666,9743,148,28,12,,,2,
1,Finance,2.9,1000,51,75,3,6780,93,4,2,,1,2,
1,Health & Fitness,2.6,5000,51,37,6,4055,73,14,7,,,2,
1,Communication,2.8,1000,51,53,3,4343,57,14,6,7,,2,
1,Social,2.8,1000,51,141,3339,7992,119,15,6,,,2,
1,Card,2.6,1000,0,17,3,1292,29,4,2,,,2,
1,Casual,2.4,10000,51,112,3,12259,174,49,22,,,2,
1,Music,2.9,100000,51,1750,12,158598,2256,954,355,,3,2,
1,Entertainment,2.7,50000,51,93,6,12871,119,18,8,2,1,2,
1,Tools,2.7,1000000,51,30,6,1268,24,6,3,1,4,2,
1,Medical,2.6,5000,51,316,6,22945,304,49,22,,4,3,
1,Transportation,2.1,1000,50,14,6,434,6,4,2,1,,2,
1,Entertainment,2.9,100000,51,108,3,11741,169,47,21,,,2,
1,Libraries & Demo,1.8,5000,0,31,3,2117,49,11,4,,1,2,
1,News & Magazines,2.7,1000,51,20,3,839,12,4,2,,,2,
1,Tools,2.7,1000,51,70,6,8105,119,33,14,,,2,
1,Tools,2.8,10000,0,15,3,1022,16,0,0,1,,2,
1,Entertainment,2.8,100000,51,89,3679,10815,109,6,3,1,,2,
1,News & Magazines,1.8,100000,51,24,3,1914,20,2,1,,,3,
1,Adventure,2.7,1000000,92,2459,6,246593,3888,1738,508,2,5,2,
1,Books & Reference,2.4,5000,51,213,9,24992,239,54,21,,2,2,
1,Puzzle,2.8,1000,92,562,5098,61315,899,450,130,2,2,5,
1,Business,2.3,1000,51,85,3,5130,90,7,3,1,1,3,
1,Education,2.8,1000,51,69,3,7353,81,4,2,,1,2,
1,Books & Reference,2.5,1000,92,1147,6,190564,2156,1363,301,,3,2,
1,Finance,2.9,1000,51,65,6,4782,71,17,8,,,2,
1,Transportation,2.7,5000,51,45,6,2813,52,2,1,,,2,
1,Entertainment,2.6,1000,51,111,3,12040,179,49,22,2,,2,
1,Puzzle,2.5,1000,51,56,6,3911,49,8,4,,,2,
1,Tools,2.9,1000,51,73,6,7986,84,4,2,,1,1,
1,Finance,2.8,1000,51,19,3,918,17,6,3,2,,3,
1,Social,1.7,1000,51,22,3,1331,20,2,1,2,,2,
1,Arcade,2.2,5000,51,33,6,3526,78,34,12,,,2,
1,Business,2.5,5000,51,105,6,10953,236,52,21,,1,2,
1,Entertainment,2.6,1000,0,13,3,386,5,0,0,,1,2,
1,Educational,2.7,1000,92,187,6,22232,389,101,46,1,6,2,
1,Tools,2.4,1000,0,329,6,30281,450,216,90,1,1,2,
1,Tools,2.6,1000,53,599,3,42595,560,288,94,10,,2,
1,News & Magazines,2.5,10000,50,1764,12,198611,2230,746,287,2,1,3,
1,Finance,2.9,1000,50,662,15,62640,996,327,121,2,2,2,
1,Photography,2.9,1000,0,287,6,25296,359,176,75,,3,2,
1,Media & Video,2.8,10000,0,35,3,2596,38,11,4,,1,2,
1,News & Magazines,2.8,10000,51,84,6,8670,94,21,10,2,,2,
1,Education,2.9,5000,51,79,6,8092,91,4,2,,1,2,
1,Entertainment,2.4,1000,51,7,3,170,1,0,0,,,2,
1,Sports,2.2,1000,51,56,3,3354,72,22,10,,,4,
1,Casual,1.9,1000,51,13,6,624,4,0,0,,,2,
1,Productivity,2.5,1000,51,123,3,12489,184,47,21,,,2,
1,Finance,2.3,50000,51,45,3,4002,30,25,9,2,,2,
1,Entertainment,2.9,100000,51,939,12,93883,1818,1019,340,,,3,
1,Casual,2.9,100000,51,195,3,14691,257,87,39,,2,3,
1,Books & Reference,2.9,100000,51,111,6,10537,162,42,19,,1,2,
1,Tools,2.9,10000,0,12,3,1219,27,17,3,,,2,
1,Photography,2.4,100000,51,569,9,46093,975,415,150,3,2,2,
1,Arcade,2.7,100000,92,832,15,108776,1018,391,154,,6,2,
1,Lifestyle,2.8,10000,50,113,6,8926,132,57,25,3,,2,
1,Sports,2.5,5000,51,80,5114,8026,109,4,2,1,2,2,
1,Social,2.8,1000,51,57,6,5734,139,42,15,,,4,
1,Books & Reference,2.9,5000,0,13,3,493,6,4,2,,,2,
1,Entertainment,2.2,1000,51,110,3,11758,170,49,22,,,2,
1,Entertainment,2.4,1000,51,53,3660,5642,50,0,0,,,2,
1,Education,2.4,1000,0,38,3,2960,41,4,2,,,2,
1,Transportation,2.9,5000,51,1360,9,135280,2093,898,311,,1,2,
1,Travel & Local,2.7,1000,51,35,3,2716,55,4,1,1,,2,
1,Entertainment,2.6,1000,51,588,3,65922,1221,1103,103,,2,4,
1,Entertainment,1.9,1000,51,10,3,322,4,0,0,,,2,
1,Photography,2.8,10000,51,93,3,6638,65,10,5,2,1,2,
1,Libraries & Demo,2.3,5000,92,4337,30,544048,8254,4238,1107,,8,6,
1,Health & Fitness,2.8,10000,0,9,3,445,6,0,0,,,2,
1,Tools,2.8,1000,50,751,15,75943,1470,554,198,18,,2,
1,Action,2.1,10000,51,595,9,60595,798,287,118,,6,2,
1,Transportation,2.9,1000,50,274,12,26229,419,133,55,3,1,2,
1,Puzzle,2.5,5000,51,1559,15,88537,2117,1219,212,,2,2,
1,Personalization,2.5,10000,51,1425,9,145751,2617,1226,432,2,1,3,
1,Medical,2.7,1000,92,187,6,22232,389,101,46,,9,2,
1,Education,2.8,1000,51,301,6,26281,388,200,83,,3,2,
1,Lifestyle,2.7,1000,50,1246,6,123666,2055,699,279,1,2,2,
1,Health & Fitness,2.3,1000,51,319,6,23129,310,53,23,,4,3,
1,Photography,2.5,10000,51,305,3666,32505,507,218,60,2,,4,
1,Photography,2.9,50000,51,314,3669,33942,493,208,58,2,,4,
1,Books & Reference,2.8,100000,83,3413,15,280959,,,,4,3,5,
1,Finance,2,1000,51,50,6,2997,,,,,,2,
1,Travel & Local,2.4,1000,51,429,5117,52743,,,,1,,2,
1,Travel & Local,2.6,1000,51,429,5117,52743,,,,1,,2,
1,Tools,2.5,10000,51,2308,12,158278,,,,,1,2,
1,Entertainment,2.9,1000,0,295,6,26113,,,,,3,2,
1,Business,2.8,1000,51,1948,9,202844,,,,1,5,3,
1,Arcade,2.7,10000,0,82,6,8339,,,,,8,2,
1,Business,2.6,1000,50,83,3,11662,,,,5,1,2,
1,Business,2.8,50000,51,127,9,16836,,,,,6,2,
1,Puzzle,1,1000,51,200,3378,16867,,,,,1,2,
1,Finance,2.9,10000,51,63,3679,6246,,,,,,3,
1,Finance,2.9,1000,50,695,6,81313,,,,1,2,2,
1,Sports,2.8,10000,51,1159,18,171583,,,,1,5,2,
1,Entertainment,2.8,10000,51,260,9,21262,,,,,2,2,
1,Communication,2.7,1000,92,3148,9,353343,,,,,2,2,
1,Lifestyle,2.2,10000,50,10,3,422,,,,,,2,
1,Casual,2.8,10000,92,828,6,83288,,,,,1,2,
1,Shopping,2.7,10000,51,2378,6,217422,,,,2,3,2,
1,Business,2.6,1000,95,2719,12,288191,,,,2,3,2,
1,Strategy,2.2,10000,51,1015,6,106450,,,,,2,2,
1,Puzzle,2.3,1000,51,245,6,22771,,,,,7,2,
1,Comics,2.8,10000,51,668,9,63505,,,,,6,2,
1,News & Magazines,2.6,5000,51,76,12,7582,,,,1,1,2,
1,Lifestyle,2.2,10000,51,460,9,47259,,,,,1,5,
1,Media & Video,2.9,10000,51,2318,344734,144353,,,,1,1,5,
1,Business,2.3,1000,0,12,3,594,,,,,1,2,
1,Finance,2.2,1000,51,1278,9,125426,,,,,3,2,
1,Transportation,2.8,10000,50,2438,15,296054,,,,,1,5,
1,Business,1.6,10000,51,130,3,12044,,,,2,,3,
1,Entertainment,2.4,1000,51,92,6,4290,,,,,,2,
1,Entertainment,1.7,1000,50,189,3354,15411,,,,2,1,2,
1,Entertainment,2.9,1000,51,11,3,1060,,,,2,,,
1,Books & Reference,2.4,10000,0,12,3,914,,,,,,2,
1,Education,2.4,1000,51,38,6,4069,,,,1,,2,
1,Education,2.9,1000,51,38,6,4069,,,,1,,2,
1,News & Magazines,2.3,100000,51,4911,15,467060,,,,1,1,4,
1,Shopping,1,1000,92,1752,15,313931,,,,1,5,2,
1,Casual,2.4,1000000,50,1765,9,149685,,,,,4,5,
1,Entertainment,1.8,10000,51,55,3,3513,,,,,,2,
1,Puzzle,2.4,1000,51,259,6,28229,,,,,5,3,
1,Puzzle,2.9,1000,92,3839,15,420547,,,,,9,2,
1,Tools,2.6,10000,50,459,6,44561,,,,1,1,8,
1,Entertainment,2.8,100000,92,241,3,43084,,,,1,2,2,
1,Education,1,1000,51,15,3,717,,,,,,5,
1,Health & Fitness,2.8,5000,51,672,12,91590,,,,1,4,2,
1,Productivity,2.7,1000,51,702,12,69078,,,,,2,7,
1,News & Magazines,2,1000,100,5206,12,570537,,,,3,3,2,
1,Weather,2.8,1000,92,589,9,78270,,,,,1,2,
1,Puzzle,2.9,100000,51,135,3,16867,,,,,,2,
1,Tools,2.5,10000,50,2395,12,253765,,,,11,2,4,
1,Communication,2.9,100000,88,2243,9,269188,,,,6,8,5,
1,Puzzle,2.7,5000,51,694,9,83949,,,,,3,2,
1,Entertainment,2.8,1000,92,938,6,119610,,,,,2,2,
1,Libraries & Demo,2.6,1000,0,8,3,399,,,,,,2,
1,Business,2.8,1000,51,257,9,35370,,,,,5,2,
1,Social,2.8,50000,51,861,12,113856,,,,1,6,2,
1,Education,1,1000,51,24,3,1489,,,,,,3,
1,Finance,2.8,1000,51,375,3,27926,,,,,5,3,
1,Education,2.5,100000,51,836,12,85170,,,,2,2,7,
1,Business,1,1000,51,94,6,8686,,,,,,2,
1,Music & Audio,2.7,100000,92,155,6,18079,,,,,6,2,
1,Education,2,1000,51,84,3,5903,,,,1,,2,
1,Puzzle,2.7,5000,51,1554,15,86646,,,,1,2,2,
1,Music & Audio,1.5,5000,51,1406,15,308210,,,,,9,2,
1,Entertainment,2.5,1000,50,458,9,50198,,,,1,5,2,
1,Business,2.6,1000,51,90,9,9500,,,,,2,2,
1,Lifestyle,2.4,1000,51,90,9,9500,,,,,2,2,
1,Lifestyle,2.1,5000,92,209,3,40673,,,,,1,2,
1,Puzzle,2.3,1000,51,62,3,8039,,,,,,2,
1,Social,2.6,1000,50,84,9,5475,,,,,2,3,
1,Tools,2.9,1000,51,81,5114,7436,,,,,,2,
1,Travel & Local,2.9,10000,51,87,6,8943,,,,,,2,
1,Health & Fitness,2.5,1000,51,1297,15,238203,,,,,10,2,
1,Sports,2.8,50000,0,12,3,889,,,,,,2,
1,Entertainment,2.4,50000,51,575,9,53831,,,,,1,2,
1,Card,2.4,1000,50,1288,12,162304,,,,2,5,2,
1,Arcade,2.5,5000,0,1190,18,136626,,,,,4,2,
1,Business,2.8,5000,92,284,12,35498,,,,,2,6,
1,Arcade,2.2,10000,0,383,6,56952,,,,,3,2,
1,Weather,2.8,1000,51,552,9,69410,,,,,6,2,
1,Tools,2.5,1000,51,526,9,66481,,,,,6,2,
1,Tools,2.9,1000,0,550,6,69357,,,,,7,2,
1,Productivity,2.2,1000,0,461,9,35416,,,,,2,2,
1,News & Magazines,2.5,10000,51,627,12,67780,,,,1,3,2,
1,Social,2.6,1000000,100,7005,27,737295,,,,,2,6,
1,Board,2.6,1000,51,72,3663,8525,,,,,,2,
1,News & Magazines,2.4,50000,50,1749,9,195659,,,,2,3,2,
1,News & Magazines,2.5,10000,50,1749,9,195659,,,,2,3,2,
1,Entertainment,2.8,500000,92,1032,9,146979,,,,,7,6,
1,Business,2,1000,50,1179,12,116262,,,,9,2,2,
1,Travel & Local,1.7,1000,50,2067,15,219902,,,,1,6,2,
1,News & Magazines,2.7,1000,51,775,21,82974,,,,,2,5,
1,Business,2.7,1000,51,6141,15,624491,,,,1,3,2,
1,Finance,2.9,10000,51,2985,9,289927,,,,1,2,2,
1,Education,2.4,10000,51,742,6,73472,,,,1,3,6,
1,Tools,2.8,1000,92,1910,6,216461,,,,,7,2,
1,News & Magazines,2.8,5000000,51,1744,15,159213,,,,,2,5,
1,Education,2.7,10000,92,710,9,89056,,,,,3,2,
1,Tools,2.7,1000,92,1074,6,91760,,,,,1,2,
1,Tools,2.7,1000,51,367,6,35943,,,,1,3,2,
1,Health & Fitness,2.2,1000,92,545,6,71031,,,,,1,2,
1,Health & Fitness,2.9,1000,50,2881,24,332346,,,,,4,6,
1,Finance,1.8,1000,51,2016,12,181424,,,,,4,2,
1,Photography,2.8,5000,0,43,3,6566,,,,,1,2,
1,Education,1.8,1000,100,4381,30,549111,,,,,4,6,
1,Finance,2.8,5000,51,276,6,49730,,,,,1,5,
1,Business,2.3,1000,50,289,6,30910,,,,1,2,4,
1,News & Magazines,2.1,50000,50,1749,9,195659,,,,2,3,2,
1,Finance,2.9,5000,50,2849,15,304735,,,,1,4,2,
1,Shopping,2.9,5000,0,164,6,13719,,,,,4,2,
1,Tools,2.7,1000,100,1529,15,337238,,,,,10,2,
1,Productivity,2.3,1000,0,9,3,344,,,,,,2,
1,Finance,2.2,1000,51,52,3,5389,,,,,,2,
1,Arcade,2.6,1000,0,33,3,3043,,,,,,2,
1,Puzzle,2.8,1000,92,554,6,72969,,,,1,1,2,
1,Puzzle,2.8,1000,92,2269,9,270462,,,,,1,2,
1,Education,2.7,10000,0,105,6,7610,,,,,1,2,
1,Sports,2.8,10000,51,75,3,8224,,,,,2,3,
1,Travel & Local,1.7,1000,92,170,6,25161,,,,,1,2,
1,Finance,2.6,500000,51,789,6,86661,,,,2,3,5,
1,Lifestyle,2.9,1000,50,594,9,68437,,,,2,6,6,
1,Tools,2.4,5000,51,138,6,18756,,,,,6,2,
1,Card,2.8,1000,92,688,12,88301,,,,3,1,2,
1,Media & Video,1.3,5000,51,240,6,27484,,,,,,2,
1,Arcade,2.6,10000,51,156,6,13882,,,,1,3,2,
1,Health & Fitness,2.8,1000,92,614,9,80266,,,,,2,2,
1,Puzzle,2,1000,0,69,6,7345,,,,,6,2,
1,Finance,2.6,10000,51,12,3,344,,,,4,,2,
1,Tools,2.6,1000,,2989,18,374618,,,,,1,,
1,Business,2.9,1000,50,997,12,65175,,,,1,1,2,
1,Puzzle,2.9,1000,92,319,5098,31087,,,,,6,2,
1,Education,1,1000,50,723,9,79448,,,,1,4,3,
1,Health & Fitness,1,1000,51,723,12,95751,,,,1,4,2,
1,Comics,2.5,1000,51,453,6,42488,,,,1,4,2,
1,Music & Audio,2.8,1000,92,3045,25,335543,,,,,7,2,
1,Social,2.7,10000,0,8,3,392,,,,,,2,
1,Entertainment,2.2,10000,0,13,6,492,,,,,,2,
1,Tools,2,10000,0,16,3,999,,,,1,,2,
1,Arcade,2.8,10000,0,62,3,4181,,,,,2,2,
1,Sports,2.6,1000,100,1840,15,332600,,,,1,6,2,
1,Education,1.2,1000,51,105,5111,11797,,,,,,2,
1,Photography,2.4,10000,,2262,9,825992,,,,,,,
1,Casual,2.2,5000,50,70,6,11889,,,,3,3,3,
1,Business,2.8,1000,52,1271,12,139703,,,,10,3,3,
1,Puzzle,2.8,1000,92,1015,12,127467,,,,,6,2,
1,Education,2,5000,50,70,6,11889,,,,3,3,3,
1,Casual,2.6,5000,50,70,6,11889,,,,3,3,3,
1,Tools,2.3,1000,51,148,9,14447,,,,,,2,
1,Social,2.7,1000,51,180,3,16279,,,,,1,2,
1,Entertainment,1.7,1000,51,337,9,76168,,,,4,1,2,
1,News & Magazines,2.9,5000,50,1764,12,198611,,,,2,1,3,
1,Communication,2.9,5000,51,115,3,12254,,,,,1,2,
1,Casual,2.9,1000,51,65,5095,6570,,,,,,2,
1,Puzzle,2.4,1000,0,18,3,1296,,,,,,2,
1,Lifestyle,2.8,1000,0,42,3,6200,,,,,,3,
1,Communication,2.4,5000,51,42,3,8974,,,,19,,2,
1,Education,2.2,5000,100,78,3,4583,,,,5,,2,
1,Casual,2.9,10000,51,56,3,6508,,,,,,2,
1,News & Magazines,2,1000,51,948,9,88561,,,,,2,4,
1,Education,2.4,10000,92,534,9,70849,,,,,1,2,
1,Business,2.5,1000,50,636,9,87045,,,,3,3,14,
1,Social,2.8,1000,52,205,6,14640,,,,9,,9,
1,Sports,2.7,1000,0,18,3,550,,,,,1,2,
1,Entertainment,1.3,5000,51,115,6,8704,,,,,1,2,
1,Productivity,2.5,1000,0,29,3,2200,,,,3,2,2,
1,Puzzle,2.3,5000,51,86,3660,8109,,,,,1,2,
1,Weather,2.1,1000,51,82,3660,8073,,,,,,2,
1,Entertainment,2.8,1000,50,11,3,1444,,,,,,2,
1,Education,2.8,1000,0,11,6,425,,,,1,,2,
1,Puzzle,2.8,10000,51,208,5095,17307,,,,,,2,
1,Lifestyle,2.8,10000,0,31,3,2056,,,,,,2,
1,Entertainment,2.8,10000,51,64,6,7306,,,,,,2,
1,Productivity,2.6,10000,51,1257,15,233296,,,,,5,2,
1,Music & Audio,2.9,100000,0,17,3,1118,,,,,1,2,
1,Casual,2.4,10000,50,298,3,25975,,,,1,3,2,
1,Transportation,2.5,1000,50,180,6,20984,,,,2,2,2,
1,Travel & Local,2.4,1000,51,144,3,14803,,,,,4,3,
1,Finance,2.5,1000,51,1123,9,134571,,,,1,3,2,
1,Entertainment,2.5,1000,50,220,3483,24632,,,,4,2,6,
1,Libraries & Demo,2.1,100000,0,11,3,559,,,,,,2,
1,Finance,2.2,1000,51,69,3,4823,,,,,,2,
1,Entertainment,2.9,1000,0,9,3,382,,,,1,,2,
1,Tools,2,1000,51,66,3,7407,,,,,,2,
1,Travel & Local,1.3,1000,51,362,3,19440,,,,2,,2,
1,Productivity,2.9,1000,,71,115,9921,,,,,,2,
1,Media & Video,2.6,5000,51,349,6,30761,,,,2,1,2,
1,Music & Audio,2.2,5000,51,133,6,10912,,,,,1,2,
1,Tools,2.9,100000,0,22,6,1691,,,,5,,4,
1,Transportation,2,1000,51,58,3,6542,,,,,2,2,
1,Finance,2.2,10000,51,79,3,11009,,,,,,2,
1,Education,2.8,10000,51,70,3,5578,,,,,1,2,
1,Communication,2.9,1000,51,1007,9,84527,,,,4,3,2,
1,Travel & Local,2,1000,50,5867,24,666157,,,,,4,6,
1,Sports,2.8,5000,50,1879,3360,169367,2903,1211,400,1,3,3,
1,Casual,2.7,10000,50,1,3,811,600,278,118,11,,2,
1,Finance,2.1,10000,51,331,6,54093,1249,543,161,1,1,2,
1,Entertainment,2.6,1000,51,116,3,10309,186,61,21,,1,5,
1,News & Magazines,2.9,1000,51,295,6,26116,380,196,82,,2,2,
1,News & Magazines,2.5,5000,51,1037,15,107469,1630,626,240,1,1,2,
1,Media & Video,1,1000,51,12,3,431,5,2,1,,,2,
1,Education,1.5,10000,51,117,6,14262,134,46,17,1,2,2,
1,Tools,2.7,1000,51,147,6,12029,333,145,65,,3,2,
1,Travel & Local,2.9,1000,100,464,9,77202,734,210,90,1,6,2,
1,Business,1.9,5000,50,999,15,112466,2144,682,284,,6,2,
1,Productivity,2.9,5000,51,46,6,10413,94,8,3,,1,2,
1,Entertainment,2.3,1000,51,146,6,12861,169,40,16,,1,2,
1,Business,1.8,1000,51,309,6,22559,292,46,20,,4,3,
1,Board,2,1000,51,73,3663,9661,87,3,1,,,2,
1,Travel & Local,1,1000,51,555,6,50731,755,324,138,2,2,2,
1,News & Magazines,1.6,100000,50,216,3,17908,284,108,44,2,1,2,
1,Personalization,2.8,5000,0,21,12,1695,19,0,0,,,1,
1,Role Playing,2.4,1000,0,736,6,79254,999,432,175,,4,2,
1,Education,2.8,1000,50,301,6,28565,373,140,48,3,1,2,
1,Finance,2.5,1000,51,378,12,32284,534,219,68,,1,2,
1,Education,1.9,1000,0,19,3,998,19,8,3,,,2,
1,Tools,2.6,500000,51,4,3,290,2,0,0,5,,5,
1,Education,2.8,5000,51,55,3,3422,91,57,11,,,2,
1,Lifestyle,1.8,1000,53,660,12,58911,835,297,121,5,1,2,
1,Business,2.2,1000,51,298,9,44377,819,288,101,,1,2,
1,Finance,2.6,1000,51,97,9,10568,133,24,10,,7,2,
1,Travel & Local,2.8,100000,51,107,3,8142,109,23,10,,1,2,
1,Education,2.7,10000,51,1000,9,109085,1493,678,243,1,1,5,
1,Transportation,2.9,10000,50,2449,15,297015,5015,3220,703,,1,5,
