Group,Genre,UserRating,LowerDownloads,FuzzyRisk,JavaFiles,DefectCount,LOC,SourceFragment,CloneFragment,CloneGroup,OPrivCount,UPrivCount,IntentsCount,PermissionCount,Jlint
2,Personalization,4,1000,0,14,3,2416,4,0,0,,2,2,16,1
2,Word,4.4,10000,92,1287,12,206340,2475,1418,326,1,3,2,3,468
2,Sports,4.5,5000,92,2980,45,333568,6148,4530,725,1,2,2,2,474
2,News & Magazines,3.1,10000,51,455,9,44013,571,259,108,,2,3,5,86
2,Medical,4.3,1000,51,1314,15,292293,,,,,11,2,,1296
2,Media & Video,3.3,10000000,92,6439,18,669590,2456,861,363,4,4,6,,1641
2,Tools,3.5,5000,51,68,3,7454,119,33,15,,,2,12,18
2,Music & Audio,3.6,5000,50,807,6,99730,1503,724,172,9,3,7,1,275
2,Transportation,4.3,1000000,50,2496,85386,240750,,,,2,1,3,,467
2,Books & Reference,4.4,5000,51,257,9,26145,276,48,20,1,5,2,8,104
2,Lifestyle,3.9,1000000,100,6327,25,765768,,,,,4,6,,1746
2,Sports,4,100000,51,420,56461,65825,757,168,68,,1,2,,203
2,Sports,3.6,1000,0,42,3,2077,,,,1,,2,,6
2,Communication,3.5,10000,50,465,6,49205,210,23,10,4,1,4,1,112
2,Music & Audio,4,5000,50,433,9,43082,573,139,58,1,1,2,3,90
2,Education,4.3,1000,51,526,6,42423,908,314,99,2,2,2,1,135
2,Education,3.4,1000,51,4770,24,513680,,,,,8,6,,1208
2,Puzzle,4.2,5000,51,205,6,20257,209,52,24,,2,2,8,77
2,Entertainment,4.6,5000,100,589,6,77916,,,,,2,2,,150
2,Travel & Local,4.3,50000,100,2834,6,330693,5459,3798,720,,2,,11,524
2,Tools,4.5,1000000,100,1709,6,225247,,,,,19,5,,892
2,Personalization,3.9,5000,51,70,3,8497,,,,,1,,,57
2,Education,4.2,100000,92,2315,9,274385,4916,3520,622,,2,2,8,399
2,Transportation,4.1,100000,50,554,6,54130,695,314,132,,1,5,13,127
2,Tools,4.4,1000000,53,1423,15,118853,286,32,15,9,2,,,487
2,Tools,4.7,1000000,51,639,6,45791,683,378,85,,,2,11,305
2,Media & Video,3.7,100000,0,24,3,2313,38,10,5,,1,2,,2
2,Tools,3.6,1000,50,23,3,1816,30,10,4,,,,,3
2,Personalization,3.7,50000,0,168,3,15705,,,,,,,,65
2,Tools,3.8,1000,51,115,3,12634,185,52,23,,,2,5,46
2,Casual,3.7,100000,51,567,3691,62883,833,240,93,,1,2,6,386
2,Board,4.2,1000000,51,579,9,70772,610,97,38,,3,3,5,259
2,Transportation,4.4,1000,51,1453,660,167121,2337,1011,372,5,3,2,4,1586
2,Tools,3.7,50000,51,591,9,71062,903,352,118,1,3,2,13,150
2,Books & Reference,4.4,100000,51,1176,6,109588,1491,633,230,1,3,2,14,311
2,Music & Audio,3.9,10000,51,499,9,87736,749,365,94,1,2,2,5,259
2,Music & Audio,4.4,5000,100,6173,12,691665,10886,6730,1508,1,4,2,,1588
2,Communication,3.6,10000,50,224,6,22149,317,73,32,10,1,2,,33
2,Books & Reference,4.9,1000,0,15,3,517,6,2,1,,1,2,10,0
2,Communication,3.9,500000,51,110,6,11319,,,,2,3,2,,28
2,Card,3.4,10000,92,726,12,90921,998,427,147,3,1,2,2,184
2,Lifestyle,4,10000,100,1432,6,126684,2130,1117,206,4,2,2,3,271
2,Travel & Local,3.3,5000,50,537,9,60515,871,347,150,2,5,2,,166
2,Shopping,4.5,1000,50,1998,6622,279037,4284,3121,534,6,1,2,,479
2,Entertainment,4.5,5000,51,1596,9,227755,3127,2047,465,1,3,2,2,537
2,Casual,3.8,1000000,92,964,9,93626,1381,569,160,,11,2,11,154
2,Tools,4.2,100000,0,16,3,571,,,,,,2,,1
2,Tools,3,5000,51,17,3,1230,18,0,0,,,2,9,4
2,Shopping,4.5,1000,50,1998,6622,279037,4284,3118,538,6,1,2,,479
2,Personalization,4.1,5000,51,209,6,17861,260,48,18,6,1,2,,62
2,Casual,4.1,1000000,92,1956,12,203486,2810,1250,442,2,5,3,2,647
2,Books & Reference,4,1000,51,147,5114,11918,172,48,17,,,2,10,50
2,Racing,3.9,1000000,92,1295,6,131273,1894,1037,259,,,2,,294
2,Education,4.5,10000,92,192,6,22404,390,99,45,,8,2,,61
2,Education,4.5,5000,92,261,6,29094,,,,,11,2,,81
2,Books & Reference,4.3,10000,51,247,3378,23604,414,147,62,1,,,8,53
2,Tools,4.4,10000,51,6275,35,718564,10228,4452,1498,9,,,,1971
2,Entertainment,4.4,1000000,52,3640,18,379207,5008,1815,622,17,,6,16,1109
2,Education,3.8,1000,51,199,3,17030,227,35,15,,1,2,,73
2,Entertainment,4.1,100000,51,0,0,0,1710,705,265,5,,,6,0
2,Trivia,4.3,10000000,92,2263,15,288342,1877,607,237,7,,2,8,625
2,Entertainment,3.2,5000,92,1244,6,136815,1198,444,105,1,3,2,22,476
2,Entertainment,4.3,5000,51,820,9,92676,1115,402,155,1,2,2,36,219
2,Arcade,3.5,100000,92,304,6,49903,344,77,31,,4,2,5,159
2,Personalization,3.9,10000,51,715,9,66335,1123,488,179,,3,2,,189
2,Sports,4,1000,50,487,6,45000,717,299,127,4,2,5,3,133
2,Puzzle,4,10000,51,2929,19,258567,,,,2,3,2,,681
2,Entertainment,4,50000,51,262,6,19774,165,28,12,,1,2,34,62
2,Trivia,4.6,10000,51,423,9,40625,489,64,24,,4,5,1,157
2,Photography,4.1,10000000,92,7182,12,793854,12219,8671,1262,,6,,,1386
2,Education,3,1000,51,675,6,69716,993,453,162,,,4,2,190
2,Casino,4.2,10000,,200,21,70794,,,,,1,,,510
2,Education,3.9,100000,92,270,12,23742,419,107,50,,5,2,6,68
2,Tools,3.4,10000,51,136,6,8208,155,21,9,2,,,,23
2,Education,4.7,1000,92,767,6,93682,1028,436,179,1,2,2,3,176
2,Entertainment,3.5,50000,50,504,9,54658,664,196,79,,1,2,1,161
2,Casino,3.8,1000000,100,4642,12,512393,9057,6020,1090,3,1,2,,1008
2,Social,4.2,1000,92,424,9,67437,,,,,1,2,,140
2,Books & Reference,4.4,100000,92,2382,12,290702,,,,1,1,2,,458
2,Business,4.7,1000,51,513,6,22215,407,290,14,,,2,7,30
2,Social,4.3,100000000,50,4241,12,700198,21334,18439,901,11,,,10,1193
2,Entertainment,3.8,1000,51,112,5111,12140,99,2,1,,1,2,3,29
2,Finance,4.5,1000,50,161,9,15111,,,,1,2,2,,43
2,Shopping,4.1,1000,51,1402,6,135314,,,,2,4,5,,503
2,Music & Audio,4,10000,92,612,6,76031,852,382,142,,1,2,14,161
2,Travel & Local,3,1000,100,463,6,77153,,,,1,6,2,,212
2,Music & Audio,4.5,100000,92,666,6,84108,754,238,95,,1,2,8,329
2,Casual,4.1,100000,51,217,5120,20770,228,38,15,,2,2,10,104
2,Entertainment,4.2,50000,51,0,0,0,4,0,0,8,,5,11,0
2,Music & Audio,4.6,1000,100,976,9,123061,1339,514,206,,2,2,,237
2,Entertainment,3.9,10000,,0,0,0,18,6,3,,,,6,0
2,Entertainment,3.9,10000,51,572,6,53787,,,,,,5,,124
2,Entertainment,3.8,10000,92,653,6,83004,,,,,2,2,,155
2,Health & Fitness,3.3,1000,51,310,6,40234,457,188,68,,1,2,15,79
2,Productivity,4.1,5000,0,28,6,4275,42,9,4,,1,,,1
2,Arcade,3.8,500000,51,96,6,8444,,,,,7,2,,65
2,Books & Reference,3.8,1000,92,3201,9,353459,,,,1,7,2,,590
2,Tools,3.4,1000,51,756,6,143669,1882,1186,233,,6,2,,402
2,Shopping,3.9,1000,92,775,6,91267,1012,504,187,1,3,2,10,176
2,Arcade,4.3,500000,51,964,9,99268,1596,584,232,2,4,,12,284
2,Travel & Local,3.4,100000,52,602,6,58771,576,240,60,15,2,2,2,158
2,Education,4.4,10000,51,693,9,66249,1037,379,155,1,7,2,9,226
2,Role Playing,3.6,1000000,92,5953,12,647664,10839,6926,1518,1,5,,,1523
2,Casual,4.7,500000,85,5697,27,602726,,,,3,3,5,,1534
2,Travel & Local,4.6,1000000,51,2243,395764,229506,2884,867,325,,1,6,2,712
2,Health & Fitness,4.1,10000,51,1001,3685,96855,1744,869,207,1,2,,,274
2,News & Magazines,4.3,50000,92,4337,30,544048,8254,4260,1106,,8,6,4,1163
2,Tools,4.4,500000,51,178,3,16302,170,34,15,,1,2,12,57
2,Music & Audio,4.4,50000,50,484,9,43913,570,237,97,3,1,2,11,112
2,Music & Audio,4.2,100000,100,7176,15,743596,12850,7689,1830,1,4,,,1858
2,Books & Reference,4,100000,92,2233,12,283057,5010,3224,668,,6,2,,468
2,Action,3.5,10000,51,1491,15,116963,84,48,15,2,5,,,259
2,Education,3.6,10000,50,12,3,1487,,,,,,2,,0
2,Social,4.2,1000000,95,3299,12,444365,6902,4860,882,3,4,2,2,825
2,Education,4.2,10000,51,39,3,3158,,,,,,2,,8
2,Puzzle,3.8,100000,92,1335,12,157660,1897,607,209,,6,2,4,454
2,Communication,4.1,100000,50,1856,18,151131,2202,734,234,3,2,2,,702
2,Music & Audio,4.2,10000,50,744,9,76382,1129,449,189,3,2,3,,205
2,Casual,3.8,1000,92,2664,6,304203,5614,4266,651,,2,2,18,399
2,Music & Audio,3.9,100000,92,1302,12,158917,2019,907,347,,3,2,,348
2,Entertainment,4.1,1000000,92,3546,54,395421,,,,,4,2,,580
2,Medical,4.3,10000,51,588,9,58014,,,,1,5,2,,175
2,Communication,4.1,10000,0,345,6,31848,460,217,91,3,1,2,4,69
2,Tools,4.2,1000000,92,388,3,54749,433,113,48,,1,4,2,139
2,Communication,4,10000,52,1568,9,174494,54,0,0,7,1,7,2,515
2,Puzzle,3.8,1000,51,118,3,6995,120,16,7,1,1,3,6,26
2,Entertainment,3.6,50000,92,2107,12,277901,4547,2941,604,,3,5,6,428
2,Casual,4,50000,51,1004,12,95600,1448,527,192,,7,3,16,320
2,Casual,4.5,1000,51,1487,15,138722,2552,1161,417,1,1,,,463
2,Action,3.7,500000,100,2100,6,263421,,,,1,5,2,,473
2,Board,4.2,10000,51,573,9,53559,,,,1,1,2,,118
2,Personalization,4.4,5000,0,8,6,158,147,34,13,,,,,0
2,Word,4.4,5000,51,21,6,639,11,4,2,,,2,2,1
2,Social,4.5,100000,51,2588,15,267473,3951,1730,628,4,3,,,834
2,Education,4.8,1000,51,1170,9,84728,,,,,1,2,,268
2,Entertainment,4.7,10000,51,643,12,76101,1476,802,168,1,2,2,,240
2,Tools,4,10000,92,560,15,71480,,,,,1,2,,137
2,Puzzle,3.3,50000,92,12,3,1487,1,0,0,2,,2,10,0
2,Puzzle,4,5000,51,45,6,3292,,,,1,1,2,,19
2,Puzzle,3.8,50000,92,2411,9,283322,,,,,3,2,,432
2,Education,4.2,10000,50,343,3,39604,537,123,57,,3,2,5,106
2,Education,4.1,10000,92,3727,15,407400,6673,3746,927,,8,2,2,1063
2,Racing,3.9,500000,92,420,9,63451,590,158,70,,6,,,140
2,Productivity,4.1,10000000,50,3787,21,389324,6092,3010,843,5,5,7,,1083
2,Education,3.8,5000,51,1287,15,236563,,,,1,10,2,,1085
2,Racing,4,1000000,92,3259,12,309038,5691,2664,793,,2,2,,743
2,Arcade,4.5,5000000,100,5880,25,676937,11979,8084,1242,8,1,2,3,2871
2,Lifestyle,4.5,10000,0,93,3,10732,138,27,12,,8,3,2,42
2,Education,4.7,10000,92,3295,12,441637,7060,4688,879,,4,2,7,799
2,Action,3.6,5000,100,3335,12,401046,6431,4162,884,2,2,2,2,784
2,Health & Fitness,4.3,1000000,51,356,9,30385,546,187,34,,3,2,,124
2,Photography,4.3,10000000,92,1684,9,198637,2420,1022,377,,5,2,14,454
2,Personalization,4.1,10000,92,2307,6,257877,,,,,1,5,,399
2,Tools,4.4,500000,51,389,6,34819,565,264,112,1,3,4,2,73
2,Health & Fitness,3,1000,50,40,3,4901,56,20,9,,,2,5,14
2,Tools,4.5,100000,51,744,6,85474,1338,546,197,,2,2,1,297
2,Social,3,10000,50,126,3,11372,230,93,40,,,2,6,22
2,Communication,4.1,10000,0,26,3,2047,35,2,1,1,,2,2,2
2,Communication,4,1000000,100,2816,9,324433,5569,3828,721,1,3,3,4,555
2,Board,4,10000,51,502,9,44138,,,,1,3,2,,101
2,Action,4.5,10000000,50,4171,12,432755,7679,4215,1073,1,1,2,2,1256
2,Entertainment,3.1,5000,51,157,12,16302,221,60,26,,,2,8,63
2,Entertainment,3.5,100000,51,69,5098,7604,73,16,8,,,,,31
2,Education,3.2,5000,0,37,6,3081,49,6,3,,2,2,4,2
2,Sports,4.2,10000000,51,727,9,105157,2449,1998,237,,2,2,,105
2,Music & Audio,4.6,1000,51,50,3,5302,62,8,4,,1,2,,25
2,Personalization,4.2,100000,50,350,12,46014,910,399,111,2,1,2,7,122
2,Communication,4.4,10000,0,8,6,2950,,,,,1,,,0
2,Books & Reference,4.4,5000,92,599,6,79019,712,289,121,,1,3,,149
2,Tools,4.6,1000,50,399,6,35689,,,,2,,2,,56
2,News & Magazines,3.7,1000000,50,3187,15,291010,5006,2252,842,2,3,2,,917
2,Health & Fitness,3.4,1000,0,918,6,83550,1415,1059,158,,4,2,5,85
2,Entertainment,3.8,50000,51,110,6,10211,165,73,12,,1,3,2,34
2,Board,3.5,100000,51,547,9,49533,801,191,75,,5,2,8,125
2,Entertainment,4.8,1000,92,3132,12,328717,6598,4507,931,3,2,2,4,468
2,Medical,3,1000,50,62,3,8857,124,35,14,4,2,2,,35
2,Music & Audio,4.2,100000,100,554,3,78237,776,278,107,,6,3,3,251
2,Books & Reference,4.4,1000,51,70,6,7226,81,4,2,,1,2,,32
2,Arcade,3.4,10000,51,887,6,78304,1033,219,89,,3,2,4,271
2,Education,3.6,5000,0,324,6,29788,434,211,88,,3,2,2,55
2,Entertainment,4.3,10000,100,722,6,88839,939,412,167,6,2,3,3,168
2,Finance,4.2,1000,50,253,9,25972,295,50,21,1,5,2,,107
2,Communication,4.2,1000,51,1478,9,160258,1840,503,190,5,2,3,2,285
2,Entertainment,3.5,1000,100,2234,12,178490,,,,2,1,5,,472
2,Tools,3.8,10000,0,51,6,7742,62,26,12,1,,4,,2
2,Puzzle,3.9,10000,0,80,9,7198,116,25,9,,1,2,4,33
2,Business,4.1,100000,51,198,6,17870,335,126,52,2,1,5,2,21
2,Puzzle,4.6,1000000,100,5645,21,569926,8796,4084,1272,2,6,,,1483
2,Tools,4.2,10000,51,25,3,2795,51,10,5,3,,2,,3
2,Medical,4.3,1000,51,275,6,20862,280,46,20,,3,3,,87
2,Productivity,4.3,5000000,51,1404,9,152693,1959,800,324,1,4,3,,370
2,Communication,4.3,100000,51,131,12,19371,,,,,,2,,7
2,Photography,4.5,100000000,100,6243,15,609104,9337,3806,1100,10,,9,,1935
2,Music & Audio,3.5,10000,53,4666,22,483121,6547,3363,1090,10,1,5,3,1174
2,Music & Audio,4.2,100000,51,779,6,98598,1385,473,190,3,1,2,,684
2,Music,3.7,1000,50,13,6,1707,,,,5,,2,,0
2,Music & Audio,4,1000,50,1937,9,206463,3099,1232,430,1,2,2,8,646
2,Music & Audio,4.1,1000,51,105,6,9866,132,44,18,3,1,4,4,31
2,Education,4.4,10000,92,1106,6,120609,1544,635,234,1,2,3,18,272
2,Puzzle,4.3,10000,92,2549,12,242133,,,,,7,2,,863
2,Casual,3.5,100000,51,996,9,103949,1162,481,196,2,2,,,245
2,Entertainment,3.8,5000,51,95,3,15497,196,84,31,1,2,2,2,65
2,Tools,3.6,1000,51,71,5098,6629,71,0,0,,,2,18,25
2,Puzzle,3.7,5000,0,17,3,1864,13,2,1,,,2,,67
2,News & Magazines,3.9,10000,51,26,3,1787,,,,,,2,,5
2,News & Magazines,3.3,100000,51,1188,6,155239,3132,2303,390,1,2,2,,166
2,Tools,4.7,1000,51,70,3660,6418,69,8,3,,,2,8,33
2,Puzzle,3.6,10000,50,154,9,33083,219,70,29,5,1,2,22,478
2,Casual,4.4,1000000,51,3121,9,266320,4347,1838,479,,6,4,12,922
2,Travel & Local,4.5,100000,50,4968,54247,565809,8928,4516,1409,10,5,5,,1764
2,Entertainment,3.4,10000,0,23,3,2720,47,19,8,,,,26,9
2,Personalization,3.6,10000,95,1989,9,243912,4200,3220,589,4,,2,,308
2,Sports,4.4,5000000,92,2827,24,300301,,,,4,5,5,,869
2,Books & Reference,3.8,100000,51,415,6,30544,380,24,11,,4,2,,144
2,Entertainment,4.3,5000000,100,873,12,92818,1330,524,171,2,1,2,12,201
2,Education,3.7,1000,92,4468,9,560451,9266,6301,1211,3,3,4,,965
2,Communication,4.6,10000000,50,4432,24,382950,6898,2029,714,2,4,13,3,1251
2,Tools,4.2,10000,0,24,3,2357,49,2,1,,2,6,,3
2,Tools,4.5,1000,51,1333,12,275023,3467,1963,467,,1,4,2,1008
2,Music & Audio,4.1,1000,51,485,6,42494,570,236,98,,2,2,,111
2,Medical,3.3,1000,51,1114,12,114239,1556,696,276,2,8,2,2,348
2,Music & Audio,4.6,500000,92,1470,9,194633,2321,1024,363,,4,,,421
2,Travel & Local,3.7,10000,50,4795,24,515462,9075,5385,1552,,4,6,,1212
2,Productivity,3.7,1000,0,1267,12,119280,2507,1013,301,,2,2,3,403
2,Personalization,4.4,5000,0,385,9,37524,482,235,99,,3,2,,68
2,Books & Reference,4.1,10000,92,1351,15,138088,,,,1,3,3,,331
2,Business,3.8,5000,53,3437,21,254348,3894,1319,417,7,1,5,,1168
2,Media & Video,4.3,10000,92,1283,12,121349,1807,784,127,,1,2,4,364
2,Media & Video,5,1000,100,261,6,29094,477,145,66,,4,,,81
2,Entertainment,4,50000,50,50,6,6647,52,7,2,3,1,2,2,9
2,Entertainment,3.5,500000,51,118,6,12564,166,20,9,5,,3,3,40
2,Entertainment,3.3,50000,100,2035,9,236538,4308,2991,495,,2,2,,339
2,Productivity,4.3,10000,51,832,6,87341,1164,501,197,3,2,2,2,177
2,Tools,4.2,1000000,51,1429,9,88353,1172,245,100,,6,2,6,196
2,Entertainment,3.6,5000,51,177,6,15408,,,,1,2,2,,58
2,Medical,3.8,5000,0,52,3,3544,1,0,0,,1,2,,44
2,Music & Audio,4,100000,92,798,9,109557,1113,445,177,1,2,2,3,217
2,Education,4.5,10000,51,5151,21,562867,9924,5558,1576,,3,,,1696
2,Media & Video,3.7,100000,51,581,9,57783,,,,,2,2,,218
2,Travel & Local,3.9,1000,50,85,6,4913,68,24,10,,,2,,36
2,Entertainment,3.9,1000,0,8,6,156,1136,496,190,,,,2,0
2,Business,3.8,100000,51,760,9,85185,,,,1,2,4,,198
2,Racing,4.1,10000,92,523,9,69763,655,263,110,,1,4,5,145
2,Tools,4,500000,100,2708,9,324266,5346,3529,635,4,2,5,8,661
2,Casual,3.9,1000000,51,1067,6,107945,1295,389,151,3,5,3,,391
2,Books & Reference,4.1,100000,0,1109,12,113907,,,,,5,4,,228
2,Casual,3.6,10000,51,227,3354,20416,314,100,41,,5,2,2,69
2,Personalization,4.2,1000,0,26,3,3944,52,33,9,1,1,,,9
2,Finance,4.3,10000,92,2369,9,276214,5257,4051,564,,1,2,,352
2,Entertainment,3.9,500000,51,694,9,61757,,,,,3,2,,156
2,Education,3.7,10000,50,459,6,53965,827,334,110,,1,2,11,134
2,Communication,4.3,1000,51,70,5098,7710,66,2,1,,,4,,30
2,Entertainment,4.1,10000000,51,4052,15,418187,5464,2132,730,,5,3,1,1364
2,Medical,3.8,10000,51,601,6,47894,727,217,79,,1,2,,149
2,Casual,3.7,100000,50,347,12,34648,449,89,41,2,1,2,4,150
2,Lifestyle,3.8,5000,51,67,3663,6379,76,18,9,,,2,4,25
2,News & Magazines,4.2,50000,92,1505,15,180573,,,,,5,5,,464
2,Lifestyle,4.4,1000,50,448,6,36739,593,315,115,1,1,2,,83
2,Casual,3.8,100000,51,170,6,25392,203,30,13,1,5,2,2,56
2,Education,4,1000000,51,182,6,16211,204,10,5,,3,3,1,85
2,Puzzle,3.5,100000,100,4567,30,570707,8641,4441,1181,,4,,17,1261
2,Entertainment,3.4,10000,0,8,3,329,3,0,0,,,2,2,0
2,Tools,4,1000,51,193,9,22051,,,,3,1,2,,46
2,Business,4.4,100000,92,1395,9,182903,3716,2973,376,,1,2,5,127
2,Puzzle,3.8,5000000,51,977,12,98238,1212,437,117,,3,2,,231
2,Health & Fitness,4.3,10000,51,1158,15,98285,1230,290,115,,4,5,4,242
2,Education,5,1000,51,27,3,1155,8,2,1,1,,6,1,0
2,Health & Fitness,4.3,10000000,51,550,3679,61054,872,248,104,1,3,5,7,181
2,Travel & Local,4.4,1000,50,1249,9,157511,3153,2368,401,6,2,2,3,150
2,Role Playing,4.7,50000,52,1147,12,116707,1754,649,275,13,,2,5,344
2,Business,4.3,1000000,92,1236,6,143701,1563,553,223,,6,2,,303
2,Tools,4.2,100000,51,1619,328162,212687,2222,721,270,4,3,6,,692
2,Tools,4.1,50000,0,288,12,28586,358,79,33,,,,,221
2,Puzzle,4.5,10000,92,624,3,75348,,,,,3,2,,183
2,Card,3.3,10000,92,678,12,87441,1014,450,145,3,1,2,11,178
2,Tools,3.8,10000,51,73,6,7946,,,,,1,1,,35
2,Tools,3.4,1000,51,581,9,54331,,,,,3,2,,105
2,Lifestyle,3.7,10000,92,527,9,69943,659,264,109,,1,4,4,146
2,Tools,3.1,10000,51,68,5098,7362,59,0,0,,,2,,27
2,Music & Audio,4,50000,51,1463,6,120810,2120,665,263,,4,2,1,317
2,Communication,3.9,1000,53,915,12,94482,,,,9,3,3,,292
2,Adventure,4.3,100000,51,1735,9,195086,,,,4,1,2,,722
2,Personalization,4.2,100000,50,125,9,18563,,,,2,1,2,,76
2,Tools,4.3,10000,0,46,6,3185,25,7,3,,1,2,7,6
2,Entertainment,4.6,1000,0,518,6,48381,709,347,141,,4,2,11,85
2,Tools,4.4,5000000,86,4731,40,511234,,,,19,,8,,1720
2,Lifestyle,4.3,10000,92,261,3,31104,445,125,33,,,2,,38
2,Entertainment,3.4,10000,51,138,3,22150,75,33,14,,1,2,14,76
2,Medical,3.7,100000,92,896,6,117589,,,,,3,2,,220
2,Sports,4.6,1000,51,83,6,8214,98,6,3,,1,2,,36
2,Puzzle,3.8,5000,51,1606,6,247751,4031,3034,506,,3,2,8,439
2,Word,4.5,100000,92,2531,9,275356,3636,1404,546,,2,2,1,767
2,Sports,4.3,10000,0,65,3,4149,103,17,8,,,2,10,16
2,Entertainment,4.2,500000,92,2585,21,329940,3607,1336,507,1,8,8,5,700
2,Business,4.7,1000,51,955,12,80356,1211,235,89,1,2,3,4,267
2,Tools,4,10000,0,39,3,2039,53,16,7,,1,2,,1
2,Tools,4.2,1000,50,614,9,69359,1040,396,140,7,2,,,269
2,Racing,3.9,100000,100,444,6,59294,521,109,47,1,5,2,9,202
2,Educational,4,1000,51,1398,6,145813,2186,1012,298,,1,2,2,563
2,Music & Audio,3.4,10000,0,322,6,29389,439,217,91,1,3,3,,53
2,Tools,4.2,5000,51,162,6,13921,152,32,14,,1,2,4,56
2,Education,3.4,10000,50,1780,9,218414,,,,2,,5,,350
2,Entertainment,4,10000,92,4563,30,570548,,,,,8,6,,1265
2,Arcade,4.4,1000000,50,400,3,32104,376,56,24,1,1,5,,196
2,Entertainment,3.7,10000,92,868,6,97190,1004,352,143,1,3,1,,227
2,Tools,3.9,10000,51,133,3,14499,232,118,34,,1,2,14,16
2,Travel & Local,3.1,10000,50,1457,103,157568,1935,696,293,3,6,5,2,517
2,Tools,4.2,10000,0,5,3,108,1,0,0,,,4,7,0
2,Entertainment,3.3,10000,51,380,15,33883,587,225,96,,9,2,1,106
2,Entertainment,3.7,1000,0,7,3,1275,12,6,2,,1,2,,0
2,Business,4.5,5000,0,205,12,23649,195,32,12,1,,2,4,83
2,Music & Audio,4,10000,92,241,6,43508,280,62,25,,2,2,3,100
2,Word,4.2,100000,51,247,3,35302,,,,1,2,2,,206
2,Card,4.3,1000,51,2055,13,230513,,,,,4,2,,715
2,Books & Reference,4.9,1000,92,727,9,78130,848,185,71,,1,2,6,222
2,Social,4.2,5000,92,563,6,73039,709,311,126,,1,2,,135
2,Medical,4.3,10000,51,588,9,58014,765,274,112,1,5,2,,175
2,Photography,4.3,1000,92,11,3,1444,1,0,0,3,,2,,0
2,Tools,4.1,100000,51,1646,9,207180,2804,1714,405,,2,2,,508
2,Music & Audio,4.3,100000,51,765,6,83459,979,337,128,,2,2,9,224
2,Strategy,4.6,10000000,92,3454,12,380995,6835,4701,811,3,1,2,6,679
2,Social,3.7,5000,50,29,3,1624,13,9,4,2,,2,4,12
2,Communication,3.5,10000,51,103,3676,9070,149,30,13,1,,2,1,30
2,Transportation,4.4,5000,51,522,3,109932,,,,,,9,,278
2,Books & Reference,4.6,5000000,92,1378,6,174474,2065,903,298,,6,2,10,472
2,Casual,3.3,1000,92,545,9,69780,697,283,118,,2,2,7,135
2,Media & Video,4.4,100000,51,1175,21,127949,2119,1149,399,,4,2,9,526
2,Puzzle,4.4,5000000,92,271,6,49851,300,68,30,,1,2,6,101
2,Arcade,3.2,10000,51,216,9,19775,,,,,1,2,,39
2,Tools,4.4,50000,51,166,6,13392,153,4,2,,1,2,2,64
2,Puzzle,3.5,5000,51,86,3,8367,96,8,4,,1,2,,33
2,Music & Audio,3.7,50000,51,71,5111,7019,77,2,1,,,,,21
2,Strategy,4.6,1000000,92,3186,9,351216,6501,4612,781,3,1,2,3,573
2,Music & Audio,3.6,10000,51,1511,13,145028,2284,774,312,1,1,2,4,424
2,Travel & Local,3,1000,50,1457,103,157572,1935,698,293,3,6,5,1,517
2,Sports,3.9,1000,51,96,5114,9995,107,12,5,,,2,5,32
2,Music & Audio,4,1000,51,382,6,32780,498,221,95,2,2,3,17,66
2,Puzzle,4.3,1000000,51,1513,9,159173,2286,1024,353,,2,2,11,479
2,Travel & Local,4,10000,100,1104,15,107812,1591,637,236,1,7,3,4,367
2,Entertainment,3.7,10000000,100,2616,9,210730,3535,1662,337,,3,2,4,464
2,Books & Reference,4.4,100000,50,1325,6,153996,2841,2017,350,3,1,2,,162
2,Tools,4.5,1000,92,191,3,26238,,,,1,1,2,,79
2,Communication,3.8,5000,50,174,3,24659,323,154,33,2,3,,,37
2,Action,4.4,10000000,50,1163,3676,127736,1858,844,213,2,1,3,4,450
2,Books & Reference,4.5,5000,0,26,6,1382,35,2,1,,1,3,4,3
2,Tools,4.1,5000,51,96,6,7704,155,41,12,,,2,,29
2,Finance,4.2,100000,50,1104,9,83557,1405,648,169,1,1,3,7,318
2,Casual,4.5,1000000,51,1259,18,109706,1738,606,252,3,3,5,,317
2,Personalization,4.5,100000,0,52,9,3970,78,24,9,1,,4,19,15
2,Transportation,4,10000,51,1395,12,179141,,,,,6,2,,254
2,Music & Audio,3.6,1000,100,2430,15,260226,3178,1213,462,4,3,2,3,600
2,Travel & Local,3.4,5000,50,128,9,16858,,,,2,6,2,,62
2,Education,4.4,5000,51,475,12,41864,690,268,87,,1,2,9,135
2,Arcade,4.2,1000000,50,1273,3685,118176,,,,3,1,2,,286
2,Finance,4.7,1000,92,592,9,78681,717,285,119,,2,2,4,152
2,Business,4.3,10000,51,257,9,35362,511,161,71,,5,2,,121
2,Productivity,3.4,1000,51,317,12,35779,497,101,45,,,5,,150
2,Communication,4.2,5000000,51,456,9,42969,722,214,82,2,1,6,4,110
2,Arcade,4.3,5000000,50,568,6,55266,,,,,3,2,,223
2,Sports,4,100000,92,1764,9,186658,2877,1222,440,1,10,2,11,532
2,Comics,4.2,1000000,51,1505,9,176501,2650,1130,406,,4,6,3,832
2,Sports,4.6,50000,92,2980,45,333621,6149,4545,728,1,2,2,6,474
2,Entertainment,4.2,100000,92,2096,12,209193,,,,1,6,5,,577
2,Books & Reference,4.9,5000,51,73,3,7538,90,4,2,,2,2,,32
2,Racing,3.8,1000000,92,585,6,58153,766,142,61,2,3,2,,296
2,Casual,4.5,1000000,50,1738,9,183628,2641,1027,386,1,2,2,8,562
2,News & Magazines,4.3,10000,92,2598,15,240801,2858,959,349,1,9,2,,715
2,Tools,3.7,10000,92,11,3,1444,1,0,0,1,,2,,0
2,Books & Reference,4.5,1000000,51,1018,18,116172,2250,762,275,,6,2,5,372
2,Education,4.4,1000,0,15,6,693,4,0,0,,1,2,5,6
2,Music & Audio,3.3,1000,92,1557,12,192405,,,,,3,2,,421
2,Music & Audio,3.9,5000,50,3217,41341,305815,4490,2015,666,2,4,2,10,1517
2,Arcade,3.9,100000,92,1449,9,173262,2214,973,327,,3,2,6,476
2,Personalization,4.2,50000,0,1542,3,207387,4212,2727,483,1,6,3,,369
2,Puzzle,3.8,10000,92,2487,12,305910,4891,3378,608,,1,2,2,460
2,Productivity,4.2,10000,50,195,6,20645,,,,2,,2,,89
2,Travel & Local,4,50000,100,464,9,77202,734,208,89,1,6,2,4,212
2,Arcade,4.4,10000000,51,381,6,36849,,,,,6,2,,171
2,Tools,4.6,50000,0,48,6,3782,55,13,5,,1,2,2,9
2,News & Magazines,4.1,100000,51,1344,12,202896,2815,1014,377,,2,,,428
2,Music & Audio,4.2,1000,92,1571,9,193182,2691,1301,370,,3,2,,429
2,Board,4.3,50000,51,832,9,117719,2604,2028,270,,1,3,19,108
2,Productivity,4.6,100000,0,1297,15,121546,1728,798,299,,2,,,236
2,Puzzle,3.5,10000,92,545,12,74998,716,187,81,,9,2,2,167
2,Travel & Local,4,10000,51,179,9,14984,300,123,50,,,,,29
2,Media & Video,4.3,100000,50,14,9,924,16,14,3,12,1,3,2,2
2,Business,4.7,1000,51,12,6,480,5,0,0,,,2,4,0
2,Lifestyle,4.8,10000,92,902,93657,63544,1051,474,116,3,1,2,3,175
2,Finance,4.3,50000,51,2792,99,344799,5434,2747,789,3,3,2,12,1218
2,Education,4.3,1000,50,321,6,33442,,,,4,2,4,,1255
2,Social,4.6,10000000,51,3175,15,280104,4122,1609,532,1,5,6,,904
2,Entertainment,4.9,1000,50,263,9,25515,581,239,69,4,1,2,,71
2,Productivity,4.3,10000,0,24,3,2096,39,24,10,,,2,1,3
2,Tools,3.8,10000,92,918,9,118433,1201,473,191,,3,,7,229
2,Trivia,4,10000,0,304,6,26616,394,200,84,,2,2,3,51
2,Business,4.1,10000,51,2036,23,197245,3011,1183,446,2,1,,,465
2,Racing,3.9,1000000,92,2748,6,274974,4223,1860,545,2,5,2,,713
2,Entertainment,3.1,1000,51,510,6,47324,701,347,141,,4,2,2,84
2,Education,3.9,1000,50,5454,12,680178,11522,7444,1859,1,2,2,,1484
2,Personalization,4.2,1000000,92,894,6,85087,,,,,3,2,,220
2,Education,3.9,100000,51,1801,12,171228,2728,1379,482,1,4,,,586
2,News & Magazines,4.4,1000,51,304,6,28197,403,88,33,,5,2,2,93
2,Libraries & Demo,3.9,10000,0,148,6,11597,,,,,,2,,12
2,Productivity,3,1000,50,83,3660,7480,97,8,4,,,2,,27
2,Education,4.7,50000,51,99,4955,9016,130,11,5,,,3,,24
2,Tools,4.3,1000,51,41,3,3151,29,0,0,,,2,5,5
2,Puzzle,4.3,10000,92,2907,12,331531,5985,4594,659,,2,2,,445
2,Sports,4,10000,51,8,6,229,3,2,1,,,2,,1
2,Tools,3.9,1000,0,40,3,3199,50,13,6,,,2,6,2
2,Lifestyle,4.2,1000,51,840,6,80519,,,,2,2,2,,123
2,Personalization,4.1,10000,51,640,5114,58002,534,241,99,1,1,2,2,106
2,Tools,4.4,5000,0,14,6,436,3,0,0,1,,,5,0
2,Tools,4.5,500000,100,5932,18,542051,7226,2897,775,13,,3,3,1460
2,Personalization,3.7,10000,51,619,12,64095,,,,,6,,,208
2,Tools,4.4,50000000,88,4722,6,432623,6323,2832,702,5,3,4,,1268
2,Social,3.6,1000000,50,4542,18,528986,6961,3493,1034,2,1,,,1441
2,Casino,4.5,1000,,200,21,70694,,,,,1,,,525
2,Tools,3.4,10000,51,58,6,18170,7,0,0,,1,,,16
2,Health & Fitness,4.4,10000000,50,4903,18,515875,9994,5992,1574,1,4,5,,1149
2,Education,4.5,10000,92,1949,9,329804,5686,4232,658,1,3,5,7,703
2,Music & Audio,4.3,50000,0,60,6,3760,65,18,6,1,1,2,4,26
2,Social,4.6,100000,50,850,9,71845,,,,7,1,2,,159
2,Education,3.4,1000,0,19,6,1342,37,0,0,,,,,0
2,Communication,4.1,10000,51,399,6,39865,,,,,2,2,,80
2,Tools,4.5,10000,0,16,3,832,13,4,2,,,2,8,1
2,Tools,4.6,10000,0,26,3,2613,26,6,3,,,2,5,0
2,Music & Audio,4.2,1000,51,1179,41338,111143,1598,594,233,,6,,,343
2,Strategy,4.5,5000000,92,3433,12,433477,7288,4502,912,2,1,5,2,975
2,Productivity,4.6,5000000,51,2760,12,254698,3692,1312,503,7,,,,1243
2,Communication,4.3,10000,0,6,3,445,,,,,,1,,0
2,Health & Fitness,4.3,5000,50,378,370,39788,,,,,1,2,,135
2,Strategy,3.2,100000,92,2308,6,300464,5656,3860,759,,4,2,,552
2,Personalization,3.4,10000,0,2,3,110,4,2,1,,,2,3,0
2,Music & Audio,4.3,10000000,51,3758,12,406027,1028,411,174,1,3,,,991
2,Entertainment,4,100000,0,10,6,535,,,,,,,,0
2,Libraries & Demo,4,10000,50,171,18,17973,231,106,44,3,2,2,,55
2,Puzzle,4.1,100000,51,250,9,22628,294,59,26,2,1,,2,104
2,Travel & Local,4.1,1000,51,669,9,61486,979,341,125,1,2,4,5,153
2,Finance,4.3,5000,85,4925,21,472759,,,,12,5,5,,1091
2,Tools,3.9,10000,51,31,3,3078,39,6,3,2,3,2,4,4
2,Communication,4.2,10000000,50,3639,9,417181,,,,10,4,8,,976
2,Business,3,1000,92,12,3,1487,1,0,0,1,,2,4,0
2,Music & Audio,4.5,1000,92,1558,12,216070,2706,1699,427,,1,2,,483
2,Tools,3.3,1000000,92,2506,6,295721,4905,3377,584,,6,2,8,562
2,Photography,3.9,1000000,51,2001,12,194212,2770,1058,414,,2,4,,494
2,News & Magazines,4.1,1000,92,1422,9,135920,,,,,1,2,,421
2,Education,4.3,1000,92,262,6,29131,482,147,67,,11,,,81
2,Lifestyle,3.4,1000,51,772,12,79487,916,305,104,1,1,2,5,274
2,Productivity,3.4,1000,0,12,3,789,12,2,1,,,5,1,0
2,Education,4,50000,51,296,3,26421,336,78,34,,1,2,8,109
2,Travel & Local,4.2,10000000,53,5730,9,386030,,,,5,2,6,,1924
2,Music & Audio,4.3,10000,92,967,6,110180,1209,445,177,,1,2,1,251
2,Arcade,4.3,10000,51,625,6,68347,675,301,124,,4,2,5,264
2,Photography,4.4,1000000,51,580,9,55850,814,327,136,1,1,2,11,131
2,Travel & Local,4.6,500000,50,425,15,40791,,,,,2,2,,125
2,Sports,4.3,10000,50,103,3,9798,124,24,9,1,1,2,3,49
2,Tools,3.9,10000000,51,809,12,84722,1342,535,214,,4,6,2,216
2,Tools,4.4,10000000,51,590,3662,54896,841,230,50,2,7,2,11,175
2,Card,4.2,100000,51,2146,12,188028,,,,3,3,5,,526
2,Entertainment,4.2,5000,92,730,9,73901,768,130,44,,4,2,12,250
2,Business,3,1000,51,560,9,65126,885,362,136,,1,2,,133
2,Personalization,4.3,50000,92,1882,9,272116,3346,1901,496,,3,2,4,611
2,Tools,3.5,1000,50,112,6,13521,,,,3,,2,,61
2,Media & Video,4.2,5000,92,651,6,83109,790,329,137,,2,2,6,155
2,Sports,4.3,1000,92,3687,9,416410,7023,5049,864,1,2,2,3,706
2,Music & Audio,4,1000,50,546,9,55477,805,410,154,,2,2,4,165
2,Finance,3.3,10000,51,1,3,3934,2978,1105,276,2,,2,,9
2,Strategy,3.9,500000,92,2941,9,339061,6198,3745,717,,5,,5,707
2,Role Playing,4.3,1000000,92,2874,9,337022,5955,3669,823,3,4,,,673
2,Puzzle,3.9,10000,51,607,5111,75280,763,183,69,,2,2,10,264
2,Music & Audio,4,10000,92,4092,9,441834,8364,5866,1315,1,4,2,3,701
2,Media & Video,4.1,1000,50,1577,6,183910,2371,1063,363,,2,2,5,480
2,Casual,4.5,1000000,100,3562,22,276979,5314,2948,529,1,3,2,,694
2,Education,4.2,1000,51,249,6,21980,347,150,58,1,1,2,,44
2,Entertainment,4.5,1000,100,1394,12,169168,2130,1119,314,4,1,5,3,369
2,Education,4.2,10000,51,212,9,25808,244,148,47,,2,2,2,96
2,Entertainment,3.5,10000,0,11,3,411,7,0,0,,,2,,1
2,Finance,4.4,10000,51,1200,9,159626,,,,1,5,3,,983
2,Trivia,3.7,100000,92,1074,6,131009,,,,,3,2,,379
2,Social,4,50000,50,1856,15,191879,3002,1523,458,,1,2,18,472
2,Weather,4.4,10000,100,332,6,47319,363,61,24,,2,2,13,197
2,Entertainment,4.1,50000,51,0,0,0,1073,518,183,7,,5,14,0
2,Shopping,4.7,1000,51,664,6,68902,871,451,153,1,1,2,,125
2,Finance,4,1000,50,663,6,48673,640,143,43,1,,,,285
2,Lifestyle,4,10000,92,3044,9,350730,,,,,3,2,,498
2,Casual,4.4,500000,92,338,12,36397,340,41,17,1,1,,,148
2,Tools,4.1,1000,92,187,6,22232,,,,,10,2,,59
2,Education,4.2,5000,51,1019,6,92525,1630,410,160,,5,2,,349
2,Tools,4.2,100000,92,348,6,54459,422,111,49,,3,2,,137
2,Education,4.7,10000,51,1634,9,234707,3043,1898,445,2,1,2,,595
2,Puzzle,3.8,50000,51,58,12,14800,120,63,31,,1,2,,108
2,Board,3.8,100000,92,313,12,28494,435,221,92,,5,2,13,381
2,Tools,3.8,10000,51,96,3660,7205,71,8,4,,,,,26
2,Education,4.5,1000000,92,1586,18,226328,1954,667,262,1,3,2,14,639
2,Tools,4,10000,0,5,3,275,,,,,,,,0
2,Entertainment,4,10000,51,28,6,2604,28,6,3,,1,3,11,3
2,Comics,4.1,1000000,51,3271,19,289346,5099,2360,752,2,6,6,14,800
2,Productivity,3.8,50000,92,3807,9,443239,7754,5698,948,,1,5,,667
2,Casino,3.9,100000,51,181,3378,15210,216,69,28,,,2,4,70
2,Music & Audio,4.1,5000,51,1693,12,159339,2268,858,294,2,1,5,21,492
2,Puzzle,4.2,5000,92,485,9,82047,724,119,56,5,,,,311
2,Business,4.1,1000,51,166,6,19912,242,66,21,1,,3,3,86
2,News & Magazines,3.6,1000,51,1991,15,244997,4364,2995,548,1,5,2,9,494
2,Puzzle,3.9,10000,51,82,3,8153,,,,,1,2,,40
2,Action,4,100000,92,2877,9,327531,5994,4615,660,,1,2,,433
2,Racing,4.2,5000000,50,5119,9,519117,,,,,8,2,,1419
2,Media & Video,3.3,100000,0,43,6,3662,28,6,3,1,1,2,,8
2,Tools,3.4,1000,51,111,3,12114,176,49,22,,,2,,45
2,Media & Video,4.5,5000,50,1578,6,183933,2370,1062,361,,2,2,4,480
2,Music & Audio,4.1,10000,51,777,9,74802,1279,652,193,,5,2,12,171
2,Media & Video,4.8,5000,51,1317,15,285374,3748,1753,414,,11,2,2,1232
2,Productivity,4.3,10000,0,993,3,58448,,,,,,2,,77
2,Arcade,4.1,50000,51,1910,15,179391,3022,1354,463,4,3,4,2,478
2,Business,4.4,1000,0,45,6,3851,,,,,,2,,14
2,Puzzle,4.6,1000,92,242,6,45432,271,71,32,,2,2,8,96
2,Tools,4.3,10000,51,117,3,12224,171,47,21,1,,2,,45
2,Entertainment,4.2,50000,51,0,0,0,794,113,46,8,,5,4,0
2,Personalization,4.6,100000,51,61,6,4203,77,24,9,,,3,16,19
2,Tools,3.4,5000,95,613,6,75512,790,356,128,9,,2,15,144
2,Transportation,3.2,10000,51,112,12,12775,164,32,15,,1,2,11,29
2,Productivity,4.5,10000,92,798,6,97842,1129,662,152,,1,2,49,149
2,Entertainment,4.1,10000,100,1850,12,221518,2914,1105,428,1,7,2,3,496
2,Education,4.1,100000,51,2655,18,268113,4007,1423,566,8,3,,,764
2,Personalization,3.8,1000,51,6,3,537,16,0,0,1,,2,,1
2,Education,4.2,1000,51,170,9,15608,205,76,14,,2,2,12,58
2,Entertainment,3.9,10000,51,185,6,16040,174,32,14,,1,2,3,58
2,Puzzle,4,10000,92,1648,6,207111,3476,2432,401,,3,2,1,311
2,Books & Reference,3.5,1000,100,729,9,97725,,,,1,3,2,,236
2,Education,4,10000,92,252,9,45573,322,67,29,1,2,2,11,83
2,Casual,3.9,500000,92,1180,9,121448,1418,626,214,,2,2,,213
2,Books & Reference,3.9,100000,51,513,6,46272,619,281,102,,1,2,,115
2,Finance,3.3,1000000,51,381,9,29182,511,195,74,,1,6,7,93
2,Puzzle,3.5,50000,92,496,132156,46798,654,275,60,1,9,,,652
2,Personalization,4.4,10000,51,347,9,21100,,,,,,3,,66
2,Sports,3.6,10000,51,61,5117,6021,59,0,0,,,2,3,20
2,Tools,3.7,50000,92,274,6,48951,341,136,31,1,1,2,9,148
2,Books & Reference,4.5,100000,92,723,6,85154,976,300,124,,2,,,193
2,Education,3.2,10000,50,36,6,3586,22,16,6,2,2,2,4,12
2,Strategy,3.6,1000,51,1152,12,118886,1602,754,299,,9,2,3,400
2,Books & Reference,4,1000,51,503,6,41483,555,174,77,,1,2,10,136
2,Lifestyle,3.4,10000,51,587,17,90157,706,227,90,6,2,2,4,210
2,Finance,4.4,10000,92,1208,3,122356,1686,466,184,,2,2,2,294
2,Sports,4,1000000,92,6941,16,692672,12423,7452,1737,,7,,,1646
2,Business,4.1,1000,51,11,3,383,6,2,1,2,,2,,0
2,Communication,4.8,5000,51,191,6,22802,,,,2,,2,,154
2,Card,4.1,1000,0,7,3,161,1,0,0,,1,2,,0
2,Communication,4.5,1000000,95,1616,6,135379,2055,619,191,5,,4,6,415
2,Personalization,3.9,100000,92,1901,6,234423,4198,3153,490,3,2,2,8,344
2,Education,3.5,10000,51,509,12,58577,665,258,102,,9,2,7,217
2,Books & Reference,4.6,5000,,246,6,23384,1119,340,114,,2,,2,72
2,Communication,4.1,10000,50,447,9,64638,514,104,45,1,4,2,13,148
2,Entertainment,3.4,100000,92,3238,6,367981,,,,2,4,2,,539
2,Personalization,3.9,10000,0,12,6,267,,,,,,2,,1
2,Entertainment,4.2,50000,92,209,489,20152,236,86,25,,3,2,,1090
2,Travel & Local,4.3,1000,100,1304,6,177850,,,,1,3,2,,209
2,Productivity,4.4,100000,0,48,3,2101,41,11,4,,,2,16,13
2,Racing,4.3,10000000,92,4597,9,484047,8518,5745,1097,1,4,2,,761
2,Casual,3.6,100000,92,369,6,35041,,,,,6,2,,122
2,Entertainment,3.4,100000,51,646,5126,57969,804,185,84,,2,6,,217
2,Productivity,3.8,100000,50,1802,534,170531,2414,756,263,36,1,,,2653
2,Finance,4.3,1000,50,161,9,15111,211,41,17,1,2,,,43
2,Social,4.7,10000,50,2137,6,214707,,,,,7,2,,343
2,Communication,3.9,10000,0,54,6,5861,108,37,13,1,,2,9,6
2,Communication,4.2,100000,51,574,9,55713,769,286,117,,2,2,14,160
2,Entertainment,3.9,1000,50,377,6,36863,529,234,98,,3,5,,66
2,Shopping,3.7,1000,50,1998,6622,279037,4284,3110,527,6,1,2,,479
2,Education,3.7,10000,0,1113,12,114182,1556,702,281,,8,2,9,348
2,Puzzle,3.9,5000,51,1252,12,154699,,,,,4,2,,348
2,Tools,3.7,5000,51,374,3,27682,392,67,29,,4,3,3,121
2,Sports,4.6,100000,92,2981,12,402278,6255,4384,834,2,4,2,16,722
2,Health & Fitness,3.9,100000,100,1851,41335,231679,2493,927,351,3,3,2,3,590
2,Books & Reference,4.6,100000,51,248,3354,23624,404,145,61,1,,4,8,55
2,Tools,3.8,10000,50,133,5117,13426,180,45,16,2,1,2,,51
2,Arcade,3.8,10000,92,236,9,23779,389,105,49,,9,2,3,64
2,Productivity,4.4,10000000,50,4279,15,514542,9237,5174,1127,3,3,5,24,1147
2,Entertainment,3.9,10000,92,36,6,2613,12,4,2,3,,2,14,1
2,Weather,4.6,10000,92,4255,18,478260,8221,5835,1081,,2,,1,761
2,News & Magazines,4.6,1000,50,2131,12,203668,3021,1269,343,1,9,2,18,463
2,Education,3.3,100000,51,2125,9,196881,2097,1270,318,2,1,2,3,789
2,Personalization,4.5,5000,92,1778,9,260504,3165,1871,483,,3,2,17,598
2,Puzzle,4.4,5000000,100,1476,9,174487,2337,826,320,1,2,3,10,490
2,Personalization,4.1,10000,0,6,3,326,,,,,1,2,,2
2,Tools,4,5000,92,541,6,70401,,,,1,,2,,132
2,Entertainment,4.3,1000,51,446,9,54491,,,,4,2,2,,199
2,Communication,4.2,10000,51,44,3,4205,63,14,7,,,3,8,12
2,Role Playing,4.5,5000000,100,6,3,812,22,4,2,7,,5,5,1
2,Music & Audio,4.7,1000,50,291,12,29401,418,170,40,1,1,2,3,59
2,Tools,4.4,100000,51,6765,22,645366,,,,4,3,5,,1944
2,Books & Reference,4.1,5000,92,533,6,70315,655,264,110,,1,,,134
2,Lifestyle,3.6,1000,0,21,3,1144,24,4,2,,,,,1
2,Productivity,3.9,1000,51,31,3,2274,24,2,1,,,2,35,8
2,Personalization,3.9,1000,51,99,3,10971,,,,1,,2,,7
2,Music & Audio,3.8,1000,100,4649,12,559339,8967,5428,1181,,3,,,1213
2,Photography,3.8,10000,51,28,3,1567,28,0,0,3,1,2,,3
2,Entertainment,3.5,10000,92,867,6,97095,,,,1,3,2,,227
2,Personalization,4,5000,0,14,3,2632,4,0,0,,2,2,,1
2,Productivity,4.2,5000,50,548,3660,42233,,,,4,,2,,161
2,Travel & Local,3.2,1000,51,23,3,1300,10,0,0,,,2,2,3
2,Travel & Local,4.2,50000,92,1187,6,144378,1545,612,247,,5,3,4,249
2,Communication,4.2,1000,52,173,6,15427,308,170,51,12,,,,68
2,Books & Reference,4.7,10000,51,270,3,27051,392,141,56,4,1,4,11,82
2,Tools,4.1,100000,51,65,3,7090,76,2,1,,1,4,2,33
2,Tools,4,10000,51,70,6,5355,73,29,10,,1,2,17,24
2,Music & Audio,4.2,100000,92,1548,15,134324,,,,2,2,2,,292
2,Action,3.9,5000000,51,2026,6,235109,4464,2231,743,,4,2,,586
2,Music & Audio,3.9,500000,51,1941,15,192868,,,,2,1,4,,528
2,Tools,4.3,10000,0,91,3,8111,25,14,6,,,2,,9
2,Tools,4.2,500000,92,1351,9,158075,1938,736,290,1,3,2,3,391
2,Lifestyle,4.4,1000,51,5761,15,588867,10951,6236,1627,1,3,2,3,1613
2,Communication,4.3,10000000,52,4331,12,605293,2640,1241,430,5,5,6,6,2102
2,Business,4.2,10000000,92,4249,12,431743,6528,2872,928,13,,12,3,994
2,Communication,3.9,50000,50,432,6,57357,776,255,110,2,3,6,,198
2,Finance,4,5000,92,1482,6,232831,2679,1538,371,4,2,,,563
2,Puzzle,4.2,5000000,51,978,6,123606,2376,1151,377,1,4,2,3,315
2,Casual,4.4,5000,92,2474,6,290591,,,,,4,2,,466
2,Entertainment,4.2,10000,51,51,3,4403,,,,2,,2,,4
2,Education,4.3,50000,100,2553,15,255009,3221,1212,487,,2,,,645
2,Education,3.9,500000,92,1291,6,175213,3408,2652,369,,1,3,4,134
2,Health & Fitness,3.5,5000,50,595,9,62585,,,,5,2,3,,232
2,Music & Audio,4.4,100000,51,851,6,82526,1222,475,193,2,2,7,5,210
2,Card,3.5,100000,51,44,3,5197,71,10,5,,,2,,10
2,Action,3.9,10000,51,106,99154,36770,283,47,21,2,2,2,2,341
2,Sports,4.1,50000,92,3158,12,384070,6876,4329,878,,6,2,11,723
2,Productivity,4.6,10000,51,1330,12,146261,2127,1100,371,1,3,5,,452
2,Music & Audio,4,1000000,51,1349,6,120757,1847,984,319,2,1,3,,243
2,Education,4.1,100000,51,164,9,13959,151,32,14,,1,2,2,56
2,Finance,4.2,1000,50,55,3,3071,71,24,12,,,2,,7
2,Casual,4.2,10000,100,2156,18,172756,,,,1,4,2,,629
2,Music & Audio,4.5,5000,50,675,9,61881,860,291,118,1,1,5,12,224
2,Books & Reference,4.6,10000,51,432,15,47321,955,395,141,,5,2,17,122
2,Books & Reference,4.1,50000,92,648,6,98386,808,304,127,,4,2,,165
2,Casino,4.1,10000,0,71,6,5938,113,36,16,,1,2,23,20
2,Strategy,4.1,100000,51,1780,6,202420,2884,1855,339,,1,4,2,333
2,Lifestyle,4.4,5000,50,2962,12,270209,4710,1866,616,3,4,4,,1285
2,Racing,3.1,10000,51,330,6,30045,,,,1,1,2,,55
2,Business,4.2,1000,51,1668,12,176244,2685,1154,433,2,1,5,3,446
2,Tools,4.3,100000,50,388,6,34156,,,,2,,2,,46
2,News & Magazines,3.9,1000,50,1692,12,171609,2230,748,288,2,1,3,,654
2,Tools,4.4,100000,50,1979,6,234338,4425,2887,566,54,,2,,431
2,Tools,4.2,100000,51,70,6,5304,73,29,10,,1,2,3,24
2,Puzzle,4.9,5000,92,4164,9,454428,7759,4867,1072,,4,2,,932
2,Personalization,3.8,100000,51,491,9,49046,609,242,100,2,2,4,5,90
2,Personalization,3.9,10000,51,209,6,17861,260,48,18,6,1,2,,62
2,Racing,4,100000,92,1554,9,196630,,,,,2,2,,154
2,Productivity,3.9,10000000,50,4795,21,575220,,,,19,,7,,2105
2,Personalization,4.3,5000,0,16,3,1863,4,0,0,,,,4,1
2,Tools,3.8,50000,0,13,6,321,314,194,55,,,,,0
2,News & Magazines,3.4,5000,92,613,6,76486,866,383,145,,1,2,3,167
2,Board,4.4,10000,92,1863,303219,159256,2637,1249,237,,3,2,,297
2,Education,4.3,5000,51,205,6,18009,251,68,31,,1,2,15,79
2,Music & Audio,4.3,5000,92,607,6,70232,764,165,61,,1,2,1,192
2,Tools,4.5,50000000,91,2844,488911,280441,3760,1317,382,2,3,,4,845
2,Media & Video,4.2,10000,51,1679,18,248623,1978,968,316,1,3,5,8,332
2,Education,4,1000,92,178,6,19976,,,,,9,2,,56
2,Education,5,1000,92,225,9,19941,243,57,20,2,2,2,5,65
2,Personalization,3.6,10000,0,7,3,148,,,,,,,,0
2,Communication,3.7,1000,50,40,3,2331,33,2,1,,,3,,11
2,Communication,3,5000,51,66,3,7662,113,34,16,,,,,17
2,Travel & Local,3,1000,50,111,6,12330,181,51,23,,,2,10,47
2,Music & Audio,3.6,50000,92,174,6,25421,,,,,2,2,,107
2,Entertainment,4.5,10000,100,559,6,49287,,,,1,5,2,,218
2,Photography,4.3,5000000,51,4552,30,395342,,,,1,2,5,,1226
2,Music & Audio,4,1000,51,105,6,9866,132,43,18,3,1,4,11,31
2,Tools,4.2,10000,100,4545,20,555093,8775,5702,1182,3,3,2,3,1128
2,Productivity,4.4,10000000,51,2636,8270,283249,2454,906,333,4,2,9,14,1166
2,Education,3.7,5000,51,448,9,44843,702,334,144,,2,2,2,105
2,Puzzle,3.6,10000,92,1576,6,224880,3468,2415,412,,3,2,1,311
2,Tools,4.2,50000,0,17,3,832,11,0,0,1,,,,6
2,Personalization,4.6,10000,51,61,6,4147,77,24,9,,,3,3,19
2,Tools,4.2,10000,51,727,6,52839,,,,2,,2,,138
2,Medical,3.6,10000,51,810,6,150061,,,,,5,2,,433
2,Tools,4.2,1000,0,72,12447,9373,,,,2,,2,,34
2,Books & Reference,4.4,10000,51,328,6,30604,450,215,90,1,1,2,6,54
2,Personalization,5,1000,51,89,3466,6552,96,9,4,,,2,2,40
2,Education,3.4,1000,0,23,3,3201,15,6,3,,,2,8,9
2,Lifestyle,3.1,5000,51,1305,12,135434,2209,885,316,2,2,2,,347
2,Education,4.1,5000,51,167,3,13661,176,43,19,,,2,1,42
2,Productivity,4.2,500000,51,2427,12,204080,,,,2,1,4,,598
2,Puzzle,4.3,1000,92,945,6,93780,,,,1,4,2,,323
2,Personalization,4.2,100000,0,48,3,3546,,,,,1,2,,14
2,Productivity,4.2,10000,51,148,3,17305,293,62,27,3,,2,,32
2,Health & Fitness,4.2,100000,51,2850,18,274430,3794,1256,405,1,2,9,,865
2,Media & Video,3.5,5000,92,3343,18,294517,3906,1541,494,1,9,2,7,941
2,Books & Reference,4.4,1000,0,442,9,41702,573,295,117,,4,2,4,79
2,Personalization,4.2,500000,50,1661,15,152298,2430,613,239,12,,,,541
2,Education,3.6,10000,50,547,9,36044,651,579,45,4,,4,6,48
2,Music & Audio,4,1000000,53,4747,21,529943,7354,2958,941,8,1,,,1589
2,Education,4.8,1000,92,768,3,69376,1241,520,113,,1,2,4,155
2,News & Magazines,4.4,1000,92,3132,12,328717,6598,4501,921,3,2,2,18,468
2,Sports,4.4,50000,92,1137,9,103896,1425,317,121,,3,2,7,306
2,Tools,4,50000,51,71,3,7298,87,6,3,1,2,2,5,32
2,Lifestyle,4.4,10000,0,4,3,83,279,61,25,,,,,0
2,Education,4.4,100000,0,657,6,60780,906,500,193,,4,2,,99
2,Education,4.7,1000,0,753,6,80722,1011,433,174,,4,3,3,162
2,Health & Fitness,4,100000,51,187,6,16078,189,34,15,,1,4,11,61
2,Education,4,1000,51,369,6,13510,300,289,14,1,,2,2,0
2,Personalization,3.9,5000,0,14,3,2416,4,0,0,,2,2,10,1
2,Education,4.1,50000,50,459,6,53965,827,334,109,,1,2,3,134
2,Puzzle,3.3,10000,51,69,5098,7134,81,9,3,,,2,15,27
2,Entertainment,4.3,100000,51,191,3354,15861,220,68,27,,1,2,4,42
2,Casual,3.3,10000,92,709,24,73927,1144,472,187,,1,2,1,678
2,Entertainment,4,1000,51,126,3,11231,123,33,15,,1,,,28
2,Travel & Local,3.9,1000,50,666,6,77508,878,352,137,1,1,4,7,181
2,Puzzle,4.3,5000,51,411,9,53850,613,131,55,1,5,2,,206
2,Entertainment,4,100000,92,209,453,20152,,,,,3,2,,1090
2,Casual,4,100000,92,963,9,93589,1376,559,157,,10,,,154
2,Personalization,4,1000000,0,140,6,8758,,,,,,2,,32
2,Sports,4.8,5000,92,3343,18,294517,3906,1544,504,1,9,2,1,941
2,Books & Reference,4.2,100000,51,388,12,79379,820,166,65,1,3,2,,321
2,Finance,3.8,100000,100,5927,15,1170127,6828,4631,1062,2,6,5,8,77132
2,Personalization,4.1,10000,0,9,3,641,87,55,21,,,,22,0
2,Entertainment,3.9,50000,51,644,9,69409,1012,485,198,1,1,3,,156
2,Tools,4.7,10000000,,2079,6,210627,4,0,0,,3,,7,730
2,Board,4.5,5000000,92,4420,9,495889,,,,1,6,2,,928
2,Education,4.4,10000,92,2912,6,339146,5510,3716,686,,3,2,8,588
2,Travel & Local,4.3,1000000,51,1456,12,165668,2445,1128,391,4,2,,,445
2,Health & Fitness,4.7,1000,50,185,6,21499,406,140,63,1,2,2,,89
2,Tools,4.2,1000,0,73,3,6931,,,,,,2,,54
2,Social,4,1000000,100,2749,9,256745,3892,1076,366,2,,5,4,951
2,Card,4.4,50000,51,73,6,38820,,,,,1,2,,25
2,Action,4.6,5000000,50,2566,6,263836,3818,1446,527,1,1,2,4,919
2,Tools,4.1,50000,50,464,6,41524,540,226,94,1,,2,,107
2,Travel & Local,4.6,1000000,100,2852,12,333282,,,,1,2,2,,553
2,Entertainment,4.2,100000,51,283,9,49026,,,,1,,5,,103
2,Arcade,4.1,1000000,51,2189,12,231105,,,,,6,2,,815
2,Music & Audio,4.2,100000,50,2400,12,270287,4478,2645,640,,3,2,7,678
2,Social,4.5,10000,51,519,6,46027,632,197,80,2,3,2,6,129
2,Tools,4.3,10000,51,270,9,36332,350,102,42,,4,2,4,70
2,Personalization,4.2,10000,0,85,3,5789,132,17,8,1,2,3,26,24
2,Puzzle,4,5000,51,273,6,28988,397,125,56,3,2,2,,68
2,Productivity,4.5,5000000,53,7032,31,661422,11923,6980,1867,5,2,7,1,1761
2,Social,4.8,1000,92,868,6,88776,,,,1,1,2,,297
2,Books & Reference,4.8,50000,51,971,10,90323,1368,454,174,,,6,6,405
2,Finance,3.7,10000,51,72,3,9699,114,35,16,,,2,4,18
2,Comics,4.1,1000,51,47,6,3140,79,29,9,,,,,13
2,Action,4,100000,92,2131,12,225892,3356,1476,459,,6,,,677
2,Entertainment,4.2,100000,100,2641,21,298631,,,,1,4,2,,605
2,Productivity,4.4,1000000,0,1148,9,129257,1287,288,120,6,4,5,,573
2,Media & Video,3.8,10000,51,1868,12,197433,,,,,,2,,1089
2,Education,3.8,100000,92,111,3,10896,177,54,25,,4,2,,63
2,Racing,4.1,10000000,100,4595,6,484845,8421,4847,1132,,6,2,,1137
2,Finance,3.8,1000,0,23,3,2252,27,8,4,,,2,,10
2,News & Magazines,3.5,1000,50,1692,12,171609,2230,754,290,2,1,3,,654
2,Entertainment,3.8,1000000,51,94,5111,11381,118,10,5,,2,2,5,37
2,Music & Audio,4.5,1000,50,783,6,84330,1136,496,190,1,3,5,1,162
2,Sports,3.9,1000,51,13,3,540,14,9,4,,,3,,0
2,Media & Video,4.5,1000,92,3343,18,294517,3906,1551,505,1,9,2,3,941
2,Music & Audio,4.8,10000,91,4964,15,523262,,,,4,3,2,,910
2,Puzzle,4.5,10000000,92,4980,16,571937,,,,1,7,2,,1461
2,Puzzle,3.3,1000,100,11,3,1444,,,,4,,2,,0
2,Music & Audio,3.7,10000,92,552,6,71235,705,280,116,,1,2,6,146
2,Productivity,3.7,10000,51,35,3,4344,55,2,1,2,,2,2,14
2,Entertainment,4.6,100000,51,79,3,5254,91,43,17,3,1,2,16,16
2,Card,4.1,10000,92,919,12,107494,,,,2,2,2,,240
2,News & Magazines,4,10000,92,449,6,63894,554,174,71,1,1,2,5,129
2,Productivity,4.4,50000,51,181,3354,14954,204,65,26,,,2,32,41
2,Business,4.9,1000,51,363,6,35279,489,89,41,,7,,,141
2,Finance,4.5,1000,50,1780,6,222352,4235,2703,525,2,1,2,,330
2,Simulation,3.9,10000,51,381,9,35283,,,,,5,2,,119
2,Sports,4.3,10000,51,357,6,32802,390,89,37,1,1,2,2,82
2,Card,3.9,5000,51,13,3,442,9,6,3,,,2,,0
2,Role Playing,4.1,1000,91,1001,6,116285,,,,3,1,2,,389
2,Social,4.1,5000,51,112,6,12084,177,47,21,,,3,7,46
2,Productivity,4.3,10000,51,158,6,18448,272,64,24,1,,,11,78
2,Sports,4,1000,0,50,6,4007,45,2,1,,,2,1,7
2,Card,4.5,1000000,50,1096,12,115792,1591,535,223,2,2,,,324
2,Tools,3.5,100000,50,2294,9,331663,5452,3774,673,11,3,2,14,701
2,Sports,3.8,10000,51,186,48751,45832,403,88,35,,,2,,144
2,Comics,4,100000,92,1651,15,144452,,,,,4,2,,475
2,Personalization,3.8,50000,92,2729,9,311076,5805,4342,669,,1,3,,444
2,Lifestyle,4.4,100000,51,423,5098,39620,,,,3,1,6,,123
2,Casual,4.2,10000,100,1048,12,93073,,,,,7,2,,330
2,Music & Audio,3.7,1000,100,1530,15,332455,4066,1888,450,1,9,2,9,1342
2,Education,3.2,100000,51,1326,9,153083,,,,,3,5,,475
2,Travel & Local,4.3,1000,50,588,5123,62395,679,175,70,2,3,3,2,161
2,Music & Audio,4.2,1000,51,105,6,9866,132,43,18,3,1,4,7,31
2,News & Magazines,4,50000,92,1120,9,91543,,,,,,5,,134
2,Entertainment,4.3,1000,51,543,9,55809,880,356,131,1,1,5,,138
2,Books & Reference,4.2,5000,51,703,9,78417,1071,485,191,,1,2,4,155
2,Entertainment,3.6,1000,0,12,3,575,9,2,1,,,,2,2
2,Education,4.2,10000,0,60,3,6206,,,,,2,5,,11
2,Lifestyle,4.5,100000,51,567,9,37584,798,115,48,7,,,,144
2,Health & Fitness,3.8,50000,51,999,21,99647,1815,803,293,,5,2,9,262
2,Books & Reference,4,10000,51,308,6,39771,569,220,76,2,1,2,22,221
2,Productivity,3.9,100000,50,827,12,70374,1011,451,189,3,2,,,191
2,Music & Audio,4.5,100000000,51,3581,15,340675,3794,1493,388,4,3,7,9,1227
2,Strategy,3.6,10000,51,668,36,62496,993,407,172,,4,,,156
2,Business,4,10000,50,1116,276,140628,2170,906,325,3,1,,,1071
2,News & Magazines,3.8,10000,100,1873,12,242293,,,,,2,2,,284
2,Education,3.4,10000,0,9,6,182,398,217,54,,,,,0
2,Education,4,5000,51,167,3,13661,176,45,20,,,2,,42
2,Tools,3.6,5000,0,12,6,503,9,0,0,,,2,,0
2,Entertainment,3.4,1000,51,152,9,20493,181,32,14,,6,,1,55
2,Personalization,3.8,100000,50,938,3685,78343,1151,357,139,2,2,2,2,208
2,Education,4.4,1000,51,2595,15,345153,5095,2671,758,6,3,6,,910
2,Tools,4.2,500000,51,850,6,138718,1464,1129,161,2,1,,2,127
2,Media & Video,4.7,1000,51,1161,9,118202,,,,5,1,2,,343
2,Tools,4.5,1000000,51,623,6,56223,581,169,73,5,,2,8,221
2,Education,3.9,500000,51,190,5111,21625,264,67,30,,,3,5,74
2,Action,3.2,10000,92,918,9,107890,1202,442,189,,6,2,,282
2,Card,4.1,10000,92,258,3,45133,,,,,1,2,,119
2,Tools,4.1,1000000,0,225,6,15816,,,,,1,9,,68
2,Casual,3.7,500000,92,407,9,61641,,,,,6,2,,138
2,Personalization,4.7,5000,92,1882,9,272116,3346,1912,497,,3,2,5,611
2,Travel & Local,3.5,10000,50,11,6,663,10,7,1,24,,3,11,3
2,Sports,3.6,10000,51,726,6,86222,985,358,137,1,1,2,60,222
2,Personalization,4.4,1000,0,9,3,2690,3555,1652,605,,2,2,6,0
2,Transportation,3.9,10000,50,1128,9,129631,2302,1076,283,1,3,,,317
2,Lifestyle,4.3,1000,50,1137,12,121109,1781,856,304,1,2,5,,273
2,Productivity,4.3,5000,51,610,15,61732,734,318,128,2,1,2,2,222
2,Education,3.9,10000,92,222,3,41939,,,,,1,2,,85
2,Health & Fitness,3.7,5000,51,75,3,7893,119,37,16,,,2,,18
2,Arcade,3.6,100000,51,1910,12,223044,4070,2747,533,,6,2,,433
2,Entertainment,3,50000,51,1006,12,83031,1231,260,94,,2,2,,240
2,Music & Audio,4.3,10000,51,1179,41338,111125,1598,592,232,,6,2,2,343
2,Entertainment,4,100000,50,576,9,62164,480,58,25,,2,3,10,171
2,Action,4.4,5000000,92,2028,12,236928,3896,2420,483,4,4,5,2,554
2,Health & Fitness,4.1,100000,51,352,6,32995,528,244,103,4,1,5,,62
2,Tools,4.1,1000000,100,2224,191048,301506,4701,3379,543,19,,6,,371
2,Sports,4.3,10000,51,138,6,18262,,,,1,4,2,,68
2,Finance,4.3,1000,50,3219,12,311444,3831,1413,442,,3,2,12,881
2,Personalization,4.6,10000,50,58,3,4104,78,22,8,25,,3,25,19
2,Sports,5,1000,92,2543,6,349024,5791,4362,728,,3,3,34,512
2,Lifestyle,3.8,10000,51,89,3466,6553,96,7,3,,,2,4,40
2,Travel & Local,3.8,10000,100,56,6,4013,26,10,4,7,,2,4,7
2,Media & Video,4.3,5000000,92,3433,12,399353,6448,4082,816,1,2,4,2,728
2,Entertainment,4.2,10000,51,2306,21,292428,3894,2365,548,8,2,2,35,912
2,Entertainment,4.1,1000,51,184,3360,15146,205,65,26,,,2,2,45
2,Communication,4.1,50000,0,50,3,4259,64,22,9,3,2,2,,13
2,Lifestyle,4.3,1000,0,939,9,102326,,,,,3,2,,204
2,Social,4.2,50000,92,1602,6,248445,,,,,2,2,,568
2,Casual,4.2,10000,0,12,3,588,9,0,0,,,,,0
2,Education,4.6,50000,92,168,6,18841,351,86,40,,8,2,3,50
2,Action,4.3,1000000,51,1133,12,117903,1618,641,239,,2,2,,329
2,Tools,3.5,10000,50,646,6,77024,1014,312,127,3,1,5,,278
2,Communication,4.2,1000000,0,37,3,3286,24,6,3,3,1,2,2,5
2,Arcade,3.7,50000,0,27,3,1958,28,6,3,,,,,8
2,Productivity,4.1,1000000,50,2010,3390,162156,2378,775,267,1,3,2,5,413
2,Adventure,4.4,1000,92,2971,18,298107,3364,1169,422,1,9,2,2,868
2,Lifestyle,3.7,1000,51,15,3,958,23,2,1,,,2,,1
2,News & Magazines,4.3,10000,50,2776,24,312147,,,,,4,2,,887
2,Casual,3.6,100000,92,1218,6,196795,2291,1436,329,1,2,2,2,444
2,Card,4.3,10000000,0,42,3,6340,139,44,18,,,2,2,16
2,Casual,4.1,100000,100,4112,21,458657,,,,1,2,5,,812
2,Personalization,4.2,10000,0,22,3,2267,73,30,12,,,2,,4
2,Entertainment,3.9,5000000,51,509,3,43552,629,94,34,,3,5,,191
2,Education,4.2,5000,51,944,6,79663,1172,503,179,,4,,,196
2,Racing,4,100000,92,1510,12,151504,1940,846,306,1,2,2,6,437
2,Trivia,3.9,1000,51,198,3,22164,209,64,21,,1,2,12,61
2,Tools,4.3,1000000,92,298,9,51998,297,87,40,1,1,,,101
2,Puzzle,3.9,100000,92,796,6,75073,997,209,86,,5,2,2,238
2,News & Magazines,3.6,10000,51,4631,15,444415,7310,4037,1323,1,4,2,9,1114
2,Casual,3.8,10000000,51,979,6,103356,,,,3,5,3,,351
2,Education,3.9,50000,92,287,9,49500,394,88,39,,1,2,15,109
2,Personalization,4.2,10000,51,74,5114,8161,108,20,10,,,,2,23
2,Books & Reference,4.7,5000,51,118,3,13053,250,111,43,5,,4,5,23
2,Music & Audio,4.4,100000000,100,4391,37964,446424,6120,2429,852,1,5,,2,1225
2,Arcade,3.9,5000000,92,1271,9,173515,3337,2409,353,1,2,2,9,235
2,Casual,3.3,50000,50,11,3,1444,1,0,0,,,2,7,0
2,Media & Video,4.1,10000,51,311,6,27461,,,,2,2,2,,49
2,Entertainment,4.1,50000,51,0,0,0,41,26,13,7,,5,16,0
2,Entertainment,3.9,1000000,51,103,5111,12145,108,10,5,,2,2,3,37
2,Music & Audio,3.8,100000,100,258,9,44261,298,69,28,3,1,,,107
2,Personalization,4.3,1000,92,1901,6,234423,,,,3,2,2,,344
2,Trivia,4.4,10000000,92,5930,18,658941,10492,6104,1448,1,3,2,12,1613
2,Arcade,3.9,10000,51,1927,9,184363,3039,1272,487,,3,,,460
2,Entertainment,3.9,10000,51,33,6,1828,42,8,4,1,,3,13,6
2,Arcade,3.7,10000,51,2919,9,272925,4428,1972,681,,3,3,1,857
2,Travel & Local,4.5,1000,50,1141,19,99601,,,,,1,2,,307
2,Tools,4.4,50000000,88,4670,9,561266,8957,5532,1105,5,4,4,,1174
2,Arcade,4,10000,92,808,12,84101,1181,410,154,3,2,2,2,273
2,Lifestyle,4.1,10000,51,21,6,1248,17,2,1,2,,2,3,1
2,Sports,3.5,1000,51,13,3,540,14,9,4,,,3,,0
2,Sports,4.4,10000000,92,5182,18,443909,6747,3194,751,1,2,,,1293
2,Productivity,3.6,1000,0,26,6,1252,,,,,2,2,,0
2,Adventure,4.3,10000000,51,647,6,59908,903,270,113,2,2,2,6,267
2,Entertainment,3.2,10000,51,96,3,10686,172,76,19,,,5,7,27
2,Racing,3.2,5000,51,586,9,54466,,,,,2,2,,115
2,Card,3.9,10000,92,2789,12,319356,,,,1,4,2,,563
2,Personalization,3.5,100000,51,634,6,64303,1095,457,145,,4,,,179
2,Education,3.2,1000,51,741,6,83023,1060,477,190,,3,2,,156
2,Books & Reference,4.6,1000,92,1155,6,143384,2911,2168,298,1,,2,2,140
2,Personalization,4.4,500000,50,3845,24,398378,,,,1,3,6,,1058
2,Personalization,4,10000,92,2338,9,274755,,,,3,1,2,,348
2,Personalization,4.3,10000,0,32,3,2747,27,13,6,,,2,2,16
2,Weather,4.2,1000,51,346,6,31928,493,244,103,,2,2,,102
2,Puzzle,4.4,1000,92,541,12,72084,,,,,1,2,,139
2,Racing,3.9,100000,51,796,3685,61389,1010,422,135,1,3,2,,116
2,Arcade,3,10000,0,8,3,783,3,0,0,,,2,4,1
2,Entertainment,4.5,1000,51,106,9,8758,106,12,5,,1,,,34
2,Social,3.7,5000,50,1848,3360,165428,2876,1194,394,1,3,3,,372
2,Music & Audio,3.9,100000,100,1162,15,136123,685,260,105,5,3,2,,544
2,Educational,4,5000,51,2640,9,243416,3975,1719,599,,4,,,722
2,Finance,3.9,100000,51,578,9,65955,,,,,6,2,,184
2,Social,4,100000,51,510,6,47504,,,,1,1,2,,115
2,Card,4,10000,50,2291,9,232336,3248,1409,463,2,2,2,,633
2,Communication,4.3,10000000,53,3902,18,396355,,,,6,,6,,1071
2,Media & Video,4.2,10000,51,765,9,80557,1163,466,186,2,1,2,2,162
2,Communication,4.5,1000,51,61,3,5385,114,16,7,1,1,6,8,22
2,Photography,4.3,10000000,51,336,12,58705,509,62,28,,1,5,,156
2,Social,4.9,50000,50,96,3,7444,118,21,10,3,,2,,14
2,Transportation,3.4,10000,50,269,9,40532,469,185,58,1,1,4,3,66
2,Puzzle,3.7,10000,51,586,9,26221,,,,2,1,2,,69
2,Personalization,4.1,5000,92,700,6,95327,891,314,131,,6,2,2,195
2,Family,4,1000000,50,445,9,38947,626,240,95,,1,,,132
2,Music,4.6,10000,92,1973,9,243895,4374,3201,508,,2,5,5,390
2,Arcade,4.3,50000000,92,2763,6,330478,5545,3719,700,1,3,2,3,626
2,Travel & Local,3.9,1000,50,2148,15,209677,3020,1117,376,2,3,,,455
2,Casual,3.6,500000,51,164,6,25089,201,28,12,1,4,2,4,56
2,Entertainment,3.3,5000,51,483,6,43348,587,238,99,,1,2,6,115
2,Education,4.8,1000,51,1017,6,83029,1233,574,175,,3,24,,208
2,Puzzle,4,100000,92,341,3,60942,472,141,59,,4,2,4,132
2,Business,4.2,1000,51,384,3,28905,412,72,32,,5,3,14,126
2,Tools,3.8,1000000,51,90,5098,8285,104,19,8,1,1,2,16,27
2,Business,4.4,10000,50,1368,6,132731,1766,736,284,6,1,,,277
2,Books & Reference,3.6,10000,51,2820,12,287671,4346,1806,490,,6,6,9,727
2,Media & Video,4.6,10000,92,2044,12,222498,3208,1455,483,,3,2,10,637
2,Education,4.6,50000,0,254,6,14318,287,251,40,,1,,,18
2,Action,4.1,10000,50,1020,2469,114926,1738,799,259,4,4,2,8,349
2,Shopping,4,10000,50,2979,15,286288,4245,1369,478,5,3,5,,830
2,Books & Reference,4.5,1000,51,118,3,13053,,,,5,,4,,23
2,Media & Video,4.6,1000,92,3438,12,393933,6770,4767,787,,1,5,,587
2,Lifestyle,4.2,1000,50,3242,21,383375,,,,1,3,5,,1042
2,Tools,4.1,100000,50,219,6,20689,262,34,16,4,,,,94
2,Communication,4.4,10000000,50,5401,3603,603166,8229,3285,1136,26,1,18,,1643
2,Education,3.9,5000,92,590,9,78582,704,284,119,,2,2,,148
2,Weather,4.4,1000000,50,1085,6,101109,1212,160,66,4,1,,,411
2,Photography,3.9,10000000,92,2753,9,309490,5761,4374,684,,1,2,4,395
2,Photography,4,1000000,51,539,971,50090,652,141,64,,2,6,9,200
2,Puzzle,4.4,10000,51,139,5114,12988,,,,,,2,,54
2,Puzzle,3.2,100000,100,1585,9,186226,2336,859,331,,6,2,,495
2,Travel & Local,4.6,5000,0,8,3,220,1,0,0,,,2,,0
2,Lifestyle,4.3,5000000,91,3285,21,349295,4805,2257,673,3,1,7,2,803
2,Media & Video,4.3,10000,92,1202,9,134343,1716,671,280,,3,5,7,306
2,Tools,4.5,1000,51,19,3,1318,21,0,0,2,,2,1,5
2,Personalization,4.2,10000,0,14,3,2418,4,0,0,,2,2,4,1
2,Music & Audio,4.2,10000,51,382,13,46111,599,252,98,1,1,,,161
2,Finance,4.3,5000,51,108,6,7969,122,47,20,,,3,,5
2,Education,4.3,50000,92,559,6,75764,,,,,1,2,,152
2,Transportation,4.2,10000,95,4342,25,430133,6970,4054,941,,10,5,,818
2,News & Magazines,4.1,1000,51,127,9,17390,193,39,17,4,4,,,61
2,Music & Audio,4.3,1000000,50,1558,9,148022,820,201,68,1,2,2,,614
2,Tools,4,10000,0,12,6,603,10,2,1,,,2,,0
2,Tools,4.2,1000,0,462,6,42834,585,286,121,,4,2,3,75
2,Music & Audio,4.3,5000,92,1558,12,194947,2594,1329,444,2,1,2,4,499
2,Travel & Local,3,5000,51,429,5117,52743,,,,1,,2,,160
2,Books & Reference,4.4,10000,0,20,3,938,20,14,4,,1,2,13,0
2,Puzzle,4.5,1000,92,1511,9,159084,,,,,9,5,,462
2,Education,3.9,10000,92,882,6,92995,1610,864,152,,,4,7,149
2,Simulation,4.6,10000000,51,7742,16,642486,,,,2,1,2,,2327
2,Strategy,3.8,10000,51,638,9,66347,,,,,1,2,,204
2,Casual,4.3,5000,0,46,6,5452,88,33,13,,,2,3,15
2,Puzzle,4.1,1000000,92,1388,18,155190,2076,813,245,,6,,,427
2,Productivity,3.9,5000,50,172,6,23599,,,,,2,2,,100
2,Productivity,4.1,10000,0,820,9,86234,1124,480,192,2,3,4,3,176
2,Media & Video,4.3,1000,92,2971,18,298107,3364,1173,425,1,9,2,6,868
2,Music & Audio,4.3,5000,51,574,9,55602,769,293,119,,2,2,10,160
2,Entertainment,4.5,1000,50,193,9,23505,227,27,12,1,5,2,4,56
2,Books & Reference,4.2,10000,92,983,9,114467,,,,4,2,2,,243
2,Casual,3.7,100000,92,2521,12,296741,5200,3558,650,3,2,2,2,474
2,Lifestyle,4.1,100000,51,505,3663,44648,788,452,99,2,,2,2,91
2,Education,4,50000,100,823,9,106191,1223,362,139,2,2,2,,268
2,Puzzle,4.9,1000,51,211,6,16243,401,129,50,,,,,61
2,Puzzle,4.3,1000,51,2149,9,247362,3636,2122,549,,5,2,9,713
2,Sports,3.8,500000,51,310,6,25585,352,83,33,,1,,,117
2,Health & Fitness,4.4,1000000,92,357,9,40118,332,48,20,2,1,2,4,148
2,Racing,3.9,1000000,100,2838,13,302860,4781,2607,575,1,3,2,,783
2,Tools,4.8,1000000,50,86,6,7562,53,13,6,4,,3,2,16
2,Education,4,1000,0,100,9,29108,271,45,21,,2,2,2,206
2,Productivity,4.4,50000,50,248,6,29953,,,,4,5,2,,116
2,Education,4.2,500000,100,5537,41353,593431,7899,3779,1338,,8,6,5,1691
2,Photography,4.4,5000000,100,1706,12,204162,2271,561,225,2,3,,,563
2,Education,4.5,5000,92,1608,6,206721,3669,2624,443,3,1,2,6,211
2,Tools,4.2,1000,51,68,6,6649,,,,1,,2,,24
2,Media & Video,3.9,1000,100,4381,30,549059,8283,4308,1133,,4,6,2,1195
2,Strategy,4.7,5000000,92,3239,9,397727,6137,3013,1030,,3,2,11,1036
2,Family,4.1,5000,92,852,6,163372,1797,1137,204,,3,2,,398
2,Medical,4.1,10000,51,640,9,63445,858,327,135,1,3,5,,189
2,Education,4,1000,0,429,6,38709,593,270,115,,3,2,14,76
2,Productivity,4.5,500000,51,1034,6,84622,,,,3,5,3,,311
2,Business,4,5000,51,454,6,47881,665,236,93,,3,2,,181
2,Casual,3,5000,51,72,3,8337,86,18,8,,,2,4,16
2,Education,4.2,10000,51,1163,9,116936,1797,787,300,,2,,,261
2,Travel & Local,4.6,100000,50,5378,12,792133,998,209,86,,3,2,4,2999
2,Personalization,4.5,10000,51,185,9,16817,,,,,,2,,37
2,Role Playing,4.1,100000,51,300,12,131628,,,,1,1,5,,123
2,Tools,3.7,10000,51,64,5095,6262,57,0,0,,1,2,,25
2,Personalization,4.1,10000,51,64,3676,6541,,,,,,,,23
2,Business,4.2,1000,50,2122,18,263778,,,,2,6,2,,530
2,Arcade,4.3,50000000,92,3715,6,421776,,,,1,3,2,,695
2,Board,4,1000000,51,1909,19,204751,3204,1286,482,,3,5,5,690
2,Arcade,4.4,1000000,100,2892,9,316778,,,,,5,2,,664
2,Board,4.5,1000000,51,1807,12,215543,3976,2737,520,,6,2,6,438
2,Travel & Local,3.8,1000,50,204,9,21317,248,58,23,1,,2,,117
2,Lifestyle,4.1,1000,92,380,9,75829,,,,3,1,2,,339
2,Educational,3.8,100000,100,2184,12,268215,3933,1408,551,,5,2,,895
2,Personalization,4.5,5000000,51,213,26541,15776,217,36,14,,1,2,,41
2,Tools,4.1,1000,50,159,3399,9853,,,,6,,2,,40
2,Personalization,4.6,10000,0,12,3,572,6,4,2,,1,2,,2
2,Tools,4.4,500000000,50,552,9,41475,981,365,128,2,,4,9,130
