Group,Genre,UserRating,LowerDownloads,FuzzyRisk,JavaFiles,DefectCount,LOC,SourceFragment,CloneFragment,CloneGroup,OPrivCount,UPrivCount,IntentsCount,PermissionCount
2,Lifestyle,3.1,10000,51,67,6,7874,119,31,14,,,,
2,Finance,4.8,1000,50,503,6,36719,,,,1,,3,
2,Social,4.5,10000,100,1678,16,217579,,,,5,1,5,
2,Books & Reference,4.6,10000,92,822,9,110617,,,,,1,2,
2,Travel & Local,4.7,1000,100,687,6,83571,898,324,135,8,1,2,5
2,Entertainment,3.8,500000,51,100,5111,11548,115,12,6,,2,2,5
2,Education,4,10000,,15,3,922,17,10,5,4,,2,4
2,Entertainment,3.4,10000,0,11,3,316,1,0,0,,,2,
2,Communication,4.5,50000,92,474,6,65268,419,179,56,1,1,,
2,Personalization,4.2,1000,92,1882,9,272116,3346,1898,495,,3,2,6
2,Health & Fitness,3.5,10000,51,62,3660,6891,84,6,3,1,,3,7
2,Medical,3.6,10000,51,810,6,150061,,,,,5,2,
2,Casual,3.5,10000,50,187,6,23980,,,,3,4,2,
2,Lifestyle,4.5,50000,50,1245,5117,120607,1533,590,215,3,2,5,2
2,Finance,4,5000,51,315,6,28053,410,209,88,1,1,,
2,Education,4.3,50000,100,2741,18,271419,,,,,2,2,
2,Entertainment,4.2,10000,51,820,9,92676,1115,396,153,1,2,2,
2,Personalization,4.1,1000,0,12,6,401,6,0,0,,,2,5
2,Health & Fitness,3.5,5000,92,3214,6,361724,6349,4781,740,,2,2,
2,Music & Audio,4.4,1000,100,1016,6,133576,1541,767,236,,4,2,4
2,Lifestyle,4.8,100000,100,3916,12,437049,7280,4569,983,1,2,5,1
2,Comics,4.2,5000,51,61,9,3595,58,44,20,,2,5,5
2,Shopping,4.6,500000,51,2932,12,342061,,,,2,2,3,
2,Books & Reference,3.1,10000,50,5824,24,660123,,,,,6,6,
2,Finance,4.2,50000,51,134,3,12996,187,51,23,,,2,8
2,Casual,4.3,100000,92,3196,15,353859,6463,4634,775,,2,2,
2,Role Playing,4,500000,51,1330,10,121565,2084,827,318,,1,2,12
2,Communication,4.1,10000000,92,663,6,80529,525,127,55,,8,2,
2,Adventure,4.4,10000000,92,5005,18,545058,,,,1,3,5,
2,Casual,3.7,100000,92,1557,9,153952,,,,,11,2,
2,Casual,3.6,10000,0,24,3,5955,,,,,,2,
2,Education,3.7,10000,92,1142,12,136159,1798,697,252,3,1,2,14
2,Personalization,4.4,10000,0,158,6,15316,195,40,18,,,,
2,Music & Audio,4.3,50000,92,3796,24,423968,6870,4370,923,,2,2,
2,Personalization,4.6,1000,92,1882,9,272116,3346,1913,495,,3,2,6
2,Education,4.3,10000,50,321,6,33448,427,206,66,4,2,4,5
2,Puzzle,4.4,1000000,51,791,15796,126766,3317,2515,299,5,5,2,2
2,Business,3.9,1000000,0,22,3,903,390,115,47,,,,4
2,Casino,4.4,100000,50,2484,6,208301,2886,1241,434,,5,2,9
2,Communication,4.5,1000,50,163,3,16599,246,24,11,1,1,2,
2,Books & Reference,4.6,1000000,,250,6,71435,4121,1888,459,,,,
2,Shopping,4.5,1000,50,1977,27,277652,4256,3118,531,6,1,2,10
2,Education,4.4,1000000,92,4797,277706,397427,6569,2748,727,2,3,5,3
2,Arcade,4.1,1000000,50,1068,9,98207,1214,466,175,1,6,2,
2,Photography,4.1,1000000,92,721,6,75560,834,101,44,1,4,2,2
2,Productivity,4.3,10000,51,28,6,2633,37,16,3,,1,,
2,Tools,4.4,10000000,100,4543,569084,547757,7785,3658,1167,15,1,5,
2,Education,3.7,10000,0,42,3,1270,7,0,0,,1,2,1
2,Entertainment,3.9,10000,92,933,3,120245,1197,539,189,2,3,5,18
2,Personalization,4.4,50000,51,59,6,4144,77,24,9,,,3,5
2,Trivia,4,10000,100,954,6,116007,1307,516,199,1,2,5,9
2,Media & Video,4.1,50000,50,699,39,69095,1108,435,182,3,1,5,1
2,Entertainment,3.5,1000,92,1160,6,92659,1607,665,151,,4,3,3
2,Racing,4.3,1000000,92,745,9,76653,947,342,140,,8,,
2,Action,4.5,10000000,,2482,9,204927,2613,1081,409,2,1,,
2,Casual,4.1,1000000,92,1956,12,203486,2810,1250,442,2,5,3,2
2,Entertainment,3.7,100000,100,2675,15,279475,4287,1682,582,3,6,2,3
2,Lifestyle,5,1000,92,2151,12,259623,4560,3240,516,,3,2,1
2,Arcade,4,100000,51,167,9,72979,270,123,34,,1,2,20
2,Education,4.2,10000,51,61,3679,6116,,,,1,,2,
2,Tools,4.4,10000000,,1075,12,145174,176,81,26,,1,,
2,Education,4,10000,0,47,6,4090,95,25,9,,,2,1
2,Role Playing,4.5,1000000,51,479,12,100941,819,378,127,,7,,
2,Tools,4.4,5000,0,191,6,21724,,,,,,2,
2,Entertainment,3.7,10000,51,181,6,16084,,,,1,2,2,
2,Tools,4.1,10000,0,81,4958,13119,78,6,3,,2,2,14
2,Tools,3.6,100000,51,570,6,52906,944,212,86,2,5,2,
2,Travel & Local,3.1,10000,50,1457,103,157568,1935,696,293,3,6,5,2
2,Tools,4,1000,52,836,12,68397,,,,4,2,3,
2,Communication,3.6,10000,50,224,6,22149,317,73,32,10,1,2,
2,Productivity,3.5,1000,51,116,6,12297,185,51,23,1,,2,3
2,Personalization,3.9,1000000,51,328,6,29202,,,,1,1,2,
2,Casino,3.7,5000000,92,2918,15,315824,7449,5734,629,2,3,5,
2,Music & Audio,3.7,1000,51,104,6,9824,131,42,18,3,1,4,
2,Arcade,4.4,1000000,51,1646,12,191872,3903,2655,476,1,1,2,8
2,Communication,4,50000,51,36,3,3689,46,13,6,,,3,
2,Comics,4.7,10000,51,52,6,4854,67,11,5,,,5,14
2,Personalization,4.4,10000,51,1697,3,192878,3234,2352,358,2,1,2,12
2,Board,4.1,5000000,92,1919,6,184628,2138,731,237,,3,3,
2,Puzzle,3.9,10000,92,1068,9,123802,,,,,2,2,
2,Books & Reference,4.6,10000,51,583,9,53313,873,464,159,,1,,
2,Libraries & Demo,4.2,1000,0,7,3,168,718,360,147,,,,
2,Entertainment,4.3,1000,51,446,9,54491,,,,4,2,2,
2,Education,4,10000,51,1309,15,291712,3764,1752,409,,10,2,2
2,Entertainment,3.7,10000,51,627,12,51530,931,206,85,4,,2,1
2,Puzzle,4.1,100000,51,668,6,57629,851,321,132,,2,2,8
2,Personalization,4.2,1000000,50,683,12,48165,850,173,63,8,,3,2
2,Communication,4.1,10000,0,323,42,27739,383,93,39,2,,8,7
2,Business,4.1,50000,52,1980,18,199365,,,,7,3,5,
2,Puzzle,5,1000,50,423,5111,39292,501,133,60,,1,2,6
2,Transportation,4.2,10000,50,221,5038,26884,,,,,,2,
2,Music & Audio,4.2,1000,0,6,3,855,,,,,1,,
2,Lifestyle,4,100000,51,476,6,41894,551,217,91,2,2,3,7
2,Music & Audio,4,10000,92,988,17,111409,923,130,58,2,1,2,1
2,Lifestyle,4.1,50000,100,4893,24,377892,,,,,2,7,
2,Personalization,3.2,1000,0,405,6,34617,,,,2,1,2,
2,Casual,3.5,1000,0,96,6,5441,114,31,11,,1,2,3
2,Transportation,4.7,5000,0,15,3,564,7,2,1,,,2,
2,Sports,4.8,100000,92,2490,12,286339,5093,3400,655,2,3,,2
2,Tools,4.6,10000,0,17,6,2473,3,0,0,,,2,7
2,Tools,4.2,5000,0,30,3,4898,38,30,8,,,,
2,Tools,4.1,100000,51,239,3,20554,,,,4,1,2,
2,Casual,3.6,1000,50,1026,6,85887,1370,458,185,2,1,2,1
2,Shopping,3.8,1000,0,58,6,3023,53,8,4,,1,2,
2,Strategy,3.4,1000,50,639,6,61211,1044,383,158,2,1,2,
2,Entertainment,3.8,1000000,51,1203,9,93455,1581,658,223,,2,2,5
2,Entertainment,4.2,100000,0,333,6,29487,423,213,87,,3,2,
2,Strategy,3.6,1000,51,1152,12,118886,1602,754,299,,9,2,3
2,Casino,4.3,10000000,50,3971,41167,352445,5470,1917,550,2,1,,
2,News & Magazines,3.5,5000,92,575,6,74777,707,269,114,,1,2,8
2,Education,3.8,1000,50,228,6,22027,376,111,42,3,,2,13
2,Lifestyle,3.4,5000,51,93,9,9840,164,38,17,,,,
2,Tools,4.4,500000000,50,552,9,41475,981,368,129,2,,4,
2,Books & Reference,4.6,1000000,92,767,12,77827,990,396,167,3,3,2,11
2,Arcade,3.8,5000,92,1353,12,158878,,,,1,7,2,
2,Tools,3.8,10000,0,12,6,597,10,2,1,,,2,
2,Photography,4.2,5000000,92,343,3,37014,330,23,11,,1,4,2
2,Music & Audio,4.3,50000,92,2013,9,265476,3683,1998,516,1,2,5,2
2,Entertainment,4,1000,0,522,6,45356,625,321,120,,4,,
2,Finance,4.7,1000,51,51,3,7789,,,,,,2,
2,Tools,4.2,1000000,92,1213,91478,255853,2367,1032,303,,,2,3
2,Personalization,4.1,10000,100,2561,6,299580,5014,3394,592,3,2,3,16
2,Tools,4.9,1000,0,16,3,874,7,0,0,,,2,
2,Books & Reference,4.3,100000,51,648,12,52071,,,,,2,5,
2,Books & Reference,4.5,1000,92,722,9,89046,941,411,165,,3,2,
2,Entertainment,4,5000,51,1068,6,96151,1331,582,218,,2,2,12
2,Casual,3.2,10000,51,10,3,410,5,2,1,,,2,
2,Tools,3.9,10000,50,61,3,7556,,,,,,2,
2,Education,4,100000,0,1697,9,191710,2640,1249,428,,6,2,7
2,Education,4.5,1000,92,3539,6,459086,7557,5744,971,1,3,2,21
2,Role Playing,4.2,100000,92,1238,9,123019,1967,750,318,2,7,,
2,Lifestyle,4.4,1000,51,6141,15,624451,11671,6872,1824,1,3,,
2,Adventure,3.8,500000,92,1289,3,130319,,,,2,3,2,
2,Arcade,4,1000,92,1353,12,158878,,,,,7,2,
2,Arcade,4.3,10000000,92,738,1442,90042,921,275,96,1,6,3,4
2,Business,4.1,1000,50,5523,18,649968,8831,5255,1184,1,1,4,
2,Productivity,4.3,10000,0,142,6,9573,127,13,5,1,,2,
2,Word,3.8,1000,92,3644,27,420261,6842,4409,992,,6,2,
2,Sports,4.6,1000,92,2980,45,333564,6148,4544,727,1,2,2,4
2,Productivity,4.3,10000,51,32,6,2120,30,4,2,1,,2,
2,Entertainment,4,10000,0,10,6,535,,,,,,,
2,Communication,4.5,10000,0,6,3,487,,,,,,1,
2,Books & Reference,4.4,100000,92,2796,9,316380,5792,4353,672,1,2,2,5
2,Travel & Local,3,10000,100,4992,19,557628,9390,6392,1248,1,2,,
2,Education,3.6,1000,0,101,3,6819,,,,,1,2,
2,Casual,4,100000,92,2511,9,199613,3098,1532,320,4,3,,
2,Sports,4,10000,51,1298,12,131374,1928,592,211,,9,3,9
2,Personalization,4.4,1000,100,574,9,74667,757,307,128,3,2,2,1
2,Music & Audio,4.1,100000,,978,313355,158673,1156,316,131,,1,,5
2,Arcade,3.6,1000000,92,149,6,14306,259,91,34,,1,2,
2,Tools,4.2,10000,0,15,6,1512,13,4,2,1,,2,5
2,Tools,4.1,5000000,92,1041,9,125465,1496,511,184,,3,2,
2,Productivity,4.5,50000000,50,5179,12,401058,7289,3000,862,37,,6,4
2,Puzzle,4.1,1000000,92,6385,12,714955,11794,6218,1573,8,,2,16
2,Education,4.1,1000,,1911,9,252792,,,,2,1,2,
2,Productivity,4,10000,50,766,9,122869,1198,537,178,3,1,2,
2,Lifestyle,4.3,100000,92,1566,9,212068,3714,2723,468,,3,2,
2,Communication,4.5,1000,100,3797,12,405621,7161,5139,874,,3,2,
2,Arcade,4.3,500000,51,647,6,52786,813,245,95,,6,,
2,Arcade,4.3,100000,51,552,6,46757,779,167,75,4,1,2,
2,Lifestyle,5,1000,92,13,6,1707,,,,5,,2,
2,Educational,3.5,10000,92,423,9,40580,,,,,7,2,
2,Puzzle,3.8,100000,51,1233,5095,136443,2089,676,264,1,4,2,12
2,Puzzle,4.4,5000,92,2540,9,293055,5114,3537,643,,3,2,2
2,Music & Audio,4.5,500000,51,4132,21,463993,6804,3237,1027,8,4,5,16
2,Casual,4.2,1000,51,397,12,38622,483,143,55,,1,2,10
2,Personalization,4.3,10000,100,2560,6,291197,4931,3370,576,5,1,4,11
2,Lifestyle,4,50000,50,1445,9,196459,2053,824,318,2,2,,
2,Puzzle,4,50000,92,4254,15,466955,,,,,9,2,
2,Tools,3.6,1000,51,123,6,12633,193,55,25,,,2,8
2,Libraries & Demo,4.6,1000,51,236,6,20536,398,171,35,,,2,3
2,Family,4.4,100000,92,1472,9,165775,2464,834,299,1,2,2,3
2,Shopping,3.9,5000000,100,5028,15,385186,,,,1,3,5,
2,Finance,4,10000,92,1909,9,233332,,,,,1,2,
2,Tools,3.6,5000000,92,3265,9,274047,4292,2288,483,1,1,2,8
2,Social,4.5,100000,50,5680,29,490276,7271,3013,865,2,5,5,13
2,Books & Reference,4.4,1000,0,24,3,883,32,30,2,,,2,8
2,Education,3.6,1000,51,488,12,43949,745,298,112,,3,2,
2,Books & Reference,3.2,5000,51,1470,12,159867,,,,1,1,5,
2,Education,4.4,1000,92,4757,33,590526,,,,,8,6,
2,Casual,4.3,100000,100,3839,15,420547,,,,1,4,2,
2,Weather,4.1,1000,51,316,6,22941,,,,,4,3,
2,Media & Video,3.3,5000000,51,9,3,218,1,0,0,2,,2,
2,Education,4.1,50000,51,254,6,27161,352,142,55,3,2,2,
2,Productivity,3.4,10000,51,80,6,11166,106,41,17,,,2,
2,Business,4.2,1000,51,28,6,1635,,,,1,,2,
2,Personalization,4.3,10000,0,26,6,3066,59,22,11,,,,
2,News & Magazines,4.3,1000,50,1098,9,124024,,,,3,3,2,
2,Tools,4.6,1000,51,35,3,3348,61,17,7,5,2,2,10
2,Board,4.3,1000,92,1771,6,157967,,,,1,2,2,
2,Personalization,4.2,10000,92,321,6,57144,363,74,31,,3,2,1
2,Communication,4.2,100000000,81,8569,1261302,693654,10330,3810,1078,17,,9,17
2,Arcade,4.2,10000000,92,2706,18,284946,6556,4917,600,2,4,5,
2,Puzzle,3.9,1000000,100,3874,9,373774,5714,2393,713,1,4,2,
2,Entertainment,3.2,10000,51,85,6,8299,98,10,5,1,1,2,25
2,Casual,4.3,1000000,92,1208,12,153333,2071,704,271,,5,2,5
2,Personalization,4,50000,0,6,3,285,1028,437,180,,,3,6
2,Puzzle,3.5,10000,0,59,6,8978,40,6,3,,1,2,6
2,Education,4.7,50000,51,99,4955,9016,130,11,5,,,3,
2,Role Playing,4.1,100000,51,2384,15,233658,3702,1716,559,3,3,5,
2,Personalization,4.2,1000,0,27,3,4260,53,34,9,1,1,2,
2,Entertainment,3.8,100000,51,1176,15,95896,1686,696,198,1,2,5,8
2,Finance,3.6,50000,51,2103,15,215404,,,,,9,5,
2,Tools,4.5,100000,0,96,3,6834,,,,,1,2,
2,Music & Audio,4.1,5000,51,383,9,33180,518,249,92,1,2,2,10
2,Lifestyle,3.3,10000,50,474,6,47585,571,248,105,5,2,5,1
2,Tools,4.3,10000,0,6,3,284,392,141,56,,,,3
2,Finance,3.9,10000,0,15,3,1785,5,0,0,,1,2,
2,Health & Fitness,3.9,5000,51,1005,9,106664,1487,722,233,1,2,2,
2,Music & Audio,4.2,10000000,92,2186,6,248180,3183,1250,495,1,5,5,
2,Education,3.9,100000,50,472,3688,68969,705,240,68,,4,2,9
2,Education,4.2,1000000,92,291,6,50878,470,127,51,1,1,2,
2,Tools,4.5,1000000,92,2038,330543,168784,,,,2,4,2,
2,Tools,4.6,10000,51,426,6,38901,678,322,133,,1,2,8
2,Education,4.1,5000,50,13,6,1707,1,0,0,1,,2,12
2,Arcade,3.9,50000,92,232,9,42301,248,53,22,,1,,
2,Tools,3.9,1000,50,102,5098,9819,107,12,4,1,,,
2,Communication,4.4,100000,0,22,9,1180,17,6,3,,,2,
2,Music & Audio,4.1,5000,92,3252,9,369611,6136,4226,911,2,1,3,
2,Education,3,1000,51,675,6,69716,993,453,162,,,4,2
2,Tools,4.2,1000,100,653,9,84702,860,376,154,3,,2,14
2,Sports,3.8,5000,50,1460,12,161905,2956,1682,541,7,1,2,2
2,Music & Audio,4.1,50000,51,274,6,26121,303,69,29,3,2,4,5
2,Productivity,3.5,5000,50,462,6,41640,548,224,95,2,1,,
2,Education,4.2,1000,51,509,12,58577,,,,1,7,2,
2,Books & Reference,4,1000,51,147,5114,11918,172,48,17,,,2,10
2,Social,3.6,50000000,51,5490,21,481578,2,0,0,3,4,,3
2,Communication,3.9,1000,50,329,6,30064,452,159,66,3,,6,
2,Books & Reference,4.3,1000000,51,2512,21,243824,4066,1557,585,2,3,,
2,Social,4.3,1000000,51,1683,9,194170,2914,1344,421,,5,,
2,Tools,3.8,10000,0,12,6,597,10,2,1,,,2,
2,Sports,4.6,5000000,51,3523,9,333819,4875,2197,741,3,3,,
2,Education,5,1000,51,46,3,3790,23,14,7,2,,2,
2,Communication,3.5,10000,92,471,174893,52314,470,87,24,1,1,2,
2,Tools,3.4,100000,50,897,3,98666,1212,461,193,1,2,2,6
2,Entertainment,4.3,1000,92,4705,30,584313,,,,,6,6,
2,News & Magazines,4.4,1000,50,1156,6,120616,,,,4,1,2,
2,Tools,4,50000,0,35,6,2102,35,20,9,,,,
2,Communication,4.4,5000,50,363,6,29608,429,216,85,8,,2,
2,Action,3.7,5000,51,133,47062,25693,,,,,3,,
2,Productivity,3.7,1000,51,271,6,19996,,,,,1,2,
2,Lifestyle,4.8,5000,0,7,3,161,670,224,88,,,2,39
2,News & Magazines,4.4,1000,50,925,9,105577,,,,8,,5,
2,Books & Reference,4.6,500000,51,1143,3,88889,1591,425,157,,2,3,8
2,Entertainment,4.4,1000,92,710,9,89400,910,396,161,,3,2,9
2,Action,3.9,1000000,92,4016,9,437013,7458,4771,1044,,5,2,15
2,Entertainment,3.8,100000,50,1542,21,195624,2198,724,276,5,4,2,1
2,Tools,3.8,10000,51,57,6,4701,71,12,6,,1,2,11
2,Trivia,4.3,100000,92,1254,6,117924,,,,,4,2,
2,Music & Audio,4.1,1000,51,309,6,22559,,,,,4,3,
2,Education,3.8,10000,92,787,6,90350,920,403,165,,3,42,14
2,Lifestyle,4.3,1000,92,933,6,119612,1210,486,196,,3,2,5
2,Music & Audio,4.2,1000,92,1198,6,208511,2315,1353,282,,2,2,
2,Racing,3.9,500000,51,816,3685,61153,1010,438,140,1,3,2,
2,Tools,4.6,50000,0,48,6,3782,55,13,5,,1,2,2
2,Tools,4.5,10000,0,44,3,2369,49,7,3,1,,2,
2,Weather,4.5,10000,0,9,3,393,3,2,1,,,1,
2,Books & Reference,3.5,1000,51,256,3381,23662,354,123,50,1,1,3,5
2,Media & Video,4.2,1000000,50,2289,27,211981,3434,1482,578,,5,,
2,Business,3.7,1000,51,764,18,89670,1136,701,185,12,1,2,2
2,Education,4.5,1000,0,15,6,693,,,,,1,2,
2,Social,4.8,1000,51,944,6,79662,1172,506,179,,4,18,14
2,Tools,3.6,100000,0,3,3,170,3,0,0,2,1,2,
2,Tools,4.7,1000000,51,639,6,45800,683,378,85,,,2,
2,Productivity,4.4,1000000,51,482,6,54845,,,,1,2,6,
2,Educational,4.4,1000000,51,112,6,8715,192,43,18,,,2,3
2,Productivity,4.3,1000,92,574,6,61049,596,92,39,,2,2,4
2,Lifestyle,4.5,5000000,51,626,3,75873,826,281,111,2,4,9,5
2,Medical,4.5,1000,50,795,12,72930,1074,463,182,4,1,4,
2,Business,4.5,1000,0,21,3,3801,34,17,7,,,2,1
2,Entertainment,4.5,5000000,50,2558,18,198596,3177,811,283,2,2,7,
2,News & Magazines,3.4,5000,92,613,6,76486,866,383,145,,1,2,3
2,Music & Audio,3.5,5000,92,308,6,51039,353,79,35,3,2,4,
2,Productivity,4.2,10000,0,28,3,1570,20,6,2,3,,3,
2,Sports,4.2,50000,92,1939,6,155766,2605,1307,236,3,2,2,5
2,Music & Audio,4.3,5000,92,1558,12,194947,2594,1329,444,2,1,2,4
2,Puzzle,4.2,1000,92,3096,9,348658,6437,4805,767,,5,2,
2,Education,3.2,5000,51,186,3354,15296,210,68,27,,,2,2
2,Travel & Local,4.2,1000,50,172,6,16549,332,91,41,2,1,3,
2,Photography,3.7,10000,50,117,3,12605,166,28,12,,1,4,4
2,Card,3.4,5000,92,454,6,54795,467,74,30,1,1,2,20
2,Puzzle,4.2,5000,51,227,6,22943,,,,,3,2,
2,News & Magazines,3.3,1000,50,1858,12,207942,2765,940,324,8,1,5,3
2,Social,3.8,1000,51,48,6,4716,60,14,6,,1,2,
2,Personalization,3.8,1000,92,663,9,81719,,,,1,7,,
2,Sports,4.4,5000000,51,2001,9,222486,4159,2504,540,,1,2,2
2,Casual,3.9,100000,92,2145,15,257317,4617,3264,531,1,2,3,
2,Arcade,4.5,10000000,100,5877,25,657289,12151,8215,1285,8,1,2,9
2,Arcade,4,50000,85,2206,9,226583,3312,1060,426,4,4,,2
2,Education,4.5,1000,51,257,6,35370,,,,,6,2,
2,Entertainment,4.5,1000,100,1394,12,169168,2130,1119,314,4,1,5,3
2,Weather,3,1000,51,18,3,1068,14,0,0,,,,13
2,Racing,3.6,1000000,100,2883,47924,338662,5239,2823,664,4,5,2,3
2,Entertainment,3.9,100000,52,1547,12,194119,2361,1227,344,13,,,
2,Personalization,4.4,1000,0,17,6,1221,4,0,0,,,,2
2,Entertainment,3.3,1000,51,1177,12,116514,2038,836,271,1,,5,1
2,Tools,4.2,100000,51,100,5095,11673,,,,1,,4,
2,Tools,3.2,50000,51,130,6,10309,,,,,1,2,
2,Business,3.7,10000,51,30,3,1716,41,28,10,1,,2,2
2,Communication,3.9,5000,50,907,15,82556,,,,4,4,8,
2,Personalization,4.3,10000,100,254,3,44080,289,68,29,3,2,2,7
2,Action,4.2,100000,50,2229,15,212266,3514,1489,508,,4,2,
2,Personalization,4.2,5000,0,32,6,2741,28,2,1,1,1,4,2
2,Productivity,4.1,1000000,95,2232,6,265478,4669,3378,585,6,,2,2
2,Transportation,4.8,1000,50,1279,12,158437,1964,937,339,,3,2,
2,Casual,4,10000,50,693,5114,94288,978,298,114,,2,2,6
2,Business,4.2,5000000,92,2022,12,298945,3463,1874,490,,4,2,
2,Casual,4.1,100000,92,874,15,96621,1249,340,135,,6,,
2,Lifestyle,4.4,10000000,100,4545,9,668987,14544,10982,1265,,1,6,
2,Books & Reference,4,10000,51,308,6,39771,569,220,76,2,1,2,22
2,Books & Reference,4.5,10000,50,166,6,19200,280,179,54,4,1,4,
2,News & Magazines,3.5,10000,92,1718,15,171193,2778,1270,426,2,7,5,1
2,Educational,3.9,100000,51,754,6,66792,852,172,72,,9,2,8
2,Books & Reference,4.6,100000,51,270,3,27068,392,141,56,4,1,4,5
2,Card,4.3,1000000,51,1750,9,158533,2421,621,238,1,2,3,
2,Personalization,4.1,100000,92,2617,9,226214,,,,,8,2,
2,Trivia,4.2,1000,51,99,5117,8655,,,,3,1,2,
2,Entertainment,4.7,10000000,92,279,3,49347,305,95,39,,1,4,1
2,Productivity,4.2,10000000,92,840,6,90322,,,,1,2,6,
2,Arcade,4.5,10000000,100,5877,25,657289,12151,8215,1288,8,1,2,8
2,Business,4.2,1000,50,2122,18,263778,,,,2,6,2,
2,Finance,4.3,10000,51,301,6,27059,383,180,70,1,1,2,8
2,Entertainment,3.9,100000,50,1026,9,112557,1320,506,195,,4,2,10
2,Sports,3.3,1000,50,1409,15,112369,1873,807,299,2,3,2,8
2,Media & Video,4.5,10000000,92,1680,6,176905,2497,851,329,,1,,
2,Productivity,4.4,1000,0,465,6,43109,578,243,102,,3,2,3
2,Casual,3.6,50000,92,3136,22,363813,6365,4053,831,2,2,4,
2,Racing,4.2,100000,92,1944,12,176135,3165,1433,385,1,7,3,8
2,Books & Reference,4.2,10000,51,165,6,13970,,,,,2,2,
2,News & Magazines,4.5,1000,51,399,9,38682,713,275,66,,1,2,
2,Tools,4.1,10000,51,245,3,20578,269,16,8,,,2,2
2,Productivity,3.1,50000,51,1228,15,157357,2291,1054,372,,4,2,14
2,Music & Audio,3.8,1000,50,304,12,29042,,,,1,1,2,
2,Tools,4.5,5000000,0,350,6,33605,,,,,2,3,
2,Casual,3.8,100000,51,2755,12,272400,4156,1914,641,,4,,5
2,Adventure,3.7,50000,92,1319,9,182106,3273,2343,377,1,6,2,12
2,News & Magazines,4,500000,51,787,9,93286,1305,515,189,,2,3,13
2,Music & Audio,4.2,100000,51,761,6,101810,1347,481,184,3,1,2,8
2,Sports,4.4,1000,92,1424,9,136261,,,,,1,2,
2,Casual,4.3,100000,51,114,6,21608,159,40,15,,2,2,3
2,Music & Audio,4.3,50000,0,60,6,3760,65,18,6,1,1,2,4
2,Education,4.3,500000,51,130,3,16897,212,76,28,2,1,3,6
2,Entertainment,3.5,100000,92,2354,9,257301,4834,3428,604,,3,2,
2,Entertainment,3.3,100000,50,303,6,31213,,,,3,,5,
2,Tools,3.7,1000,92,4768,33,591648,9013,4615,1243,,8,6,
2,Finance,3.6,100000,50,3484,80397,310810,,,,13,,2,
2,Board,3.7,1000000,51,544,9,50391,802,185,74,,5,2,5
2,Transportation,4.1,5000,51,210,6,13368,182,80,32,,,2,
2,Casual,3.7,10000,0,1141,9,90416,1494,723,266,,6,2,
2,Personalization,4.5,1000,0,15,6,368,4,4,1,,,2,7
2,Business,4.1,1000,51,557,9,59756,754,144,58,1,7,5,1
2,Health & Fitness,4.5,1000,51,987,6,81996,1180,520,175,,3,17,
2,Transportation,4.5,100000,50,2416,12,268741,4300,2356,573,1,3,2,9
2,Weather,3.6,10000,50,302,6,43278,971,619,116,2,2,2,3
2,Sports,4.4,5000000,100,6243,18,651954,10628,5594,1776,2,3,,
2,Adventure,4,100000,51,1114,12,114239,1556,703,280,1,8,2,33
2,Health & Fitness,3.1,10000,0,46,3,2037,3,0,0,,,2,3
2,Educational,3.7,5000,51,381,9,31306,,,,,3,2,
2,Tools,4.1,1000,51,131,3349,7754,,,,,,2,
2,Personalization,4.3,50000,51,66,3,6599,,,,,,2,
2,Books & Reference,4,1000,51,503,6,41483,555,174,77,,1,2,10
2,Personalization,3.9,10000,92,1195,6,125247,1440,578,218,,3,2,7
2,Lifestyle,4.2,50000,92,2275,9,205775,3119,1326,303,3,1,2,7
2,Lifestyle,3.1,100000,51,69,3,7075,,,,,,2,
2,Music & Audio,4.6,5000000,51,1515,6,149766,640,81,34,4,1,13,16
2,Health & Fitness,4.7,1000,50,229,6,15683,289,121,43,,,2,1
2,Tools,3.7,50000,0,86,6,6700,90,12,5,,,2,5
2,Puzzle,3.8,1000000,100,2968,9,310170,5069,2711,551,1,3,2,13
2,Education,4.2,50000,50,1036,6,116979,1672,805,257,,2,,
2,Productivity,4.4,500000,0,143,3,18870,293,85,39,1,1,3,
2,Business,4.6,1000,51,286,9,30046,403,121,44,5,3,2,
2,Education,4.5,100000,92,4989,12,539205,9310,5887,1189,,6,,
2,Education,4,50000,51,577,9,55680,734,309,131,1,5,2,2
2,Entertainment,4.1,100000,51,0,0,0,,,,8,,5,
2,Comics,4.3,5000,92,706,9,84446,847,385,141,,3,3,4
2,Tools,3.7,5000,51,110,6,12225,198,48,19,1,,2,2
2,Education,3.9,10000,51,134,3,12970,201,34,15,,1,2,4
2,Entertainment,3,10000,0,15,3,1319,31,6,3,,,,
2,Puzzle,4.3,10000,51,780,6,71749,1094,395,163,1,2,2,46
2,Word,4.6,10000000,92,6036,12,477336,6123,1792,664,5,,5,2
2,Music & Audio,3.9,1000,92,1198,6,208511,2315,1357,287,,2,2,4
2,Finance,3.8,1000,51,389,6,23562,642,285,108,,1,,
2,Sports,4.4,5000,50,2336,21,272431,4787,2296,760,,4,2,3
2,Productivity,3.6,100000,51,188,3685,18770,317,119,48,,1,6,2
2,News & Magazines,4,1000,92,612,6,76184,855,379,142,,1,2,1
2,Arcade,4.5,10000,51,548,9,56448,850,476,134,2,3,2,4
2,Casual,3.4,1000,50,105,3663,9987,105,9,3,2,,2,5
2,Trivia,3.8,10000,92,1170,12,176651,1599,688,244,1,1,5,7
2,Business,4.7,1000,51,513,6,22215,407,290,14,,,2,7
2,Shopping,3.9,500000,91,4523,15,524974,8932,5728,1150,2,2,,
2,Communication,4.4,50000000,100,5982,9,671945,8974,3286,1136,10,10,11,
2,Sports,3.1,10000,92,297,6,48873,325,55,24,,6,2,11
2,Travel & Local,3.7,1000,100,6193,12,678900,503,319,82,3,4,5,13
2,Productivity,4.3,10000,51,132,3,13687,202,51,23,,,2,5
2,Simulation,4.2,5000000,51,4761,21,530209,8061,3724,1227,8,,5,
2,Media & Video,3.2,10000,51,22,3,1287,28,18,7,1,,,
2,News & Magazines,4.2,10000,92,464,9,63022,725,305,107,1,1,2,10
2,Business,4.2,1000,100,170,12,19071,237,47,20,6,,,
2,Tools,4.2,500000,92,1351,9,158075,1938,736,290,1,3,2,3
2,Education,3.8,10000,92,523,6,69777,650,262,109,,1,2,9
2,Entertainment,3.9,10000,51,10,3,576,8,0,0,,,2,3
2,Personalization,4.1,50000,50,1109,12,110957,1577,535,222,,3,2,8
2,Personalization,4.1,10000,92,408,6,58545,454,147,58,7,1,4,7
2,Tools,4.2,10000,50,142,9,12561,,,,2,,2,
2,Communication,4.5,500000,86,5202,12,342561,,,,6,1,8,
2,Books & Reference,4.3,500000,92,694,9,70750,,,,,1,2,
2,Casual,4,10000,92,2209,6,301973,5862,3962,832,,5,2,
2,Entertainment,4.5,100000,51,71,5111,7600,85,13,3,1,1,2,3
2,Word,4,1000000,,225,6,43362,18,2,1,,,,
2,Personalization,3.4,10000,51,85,6,11236,163,72,26,,1,,9
2,Lifestyle,4.6,10000,92,583,6,78430,699,286,120,1,3,2,4
2,Personalization,3.9,50000,92,1475,6,181950,,,,,4,4,
2,Action,3.7,500000,92,2459,6,246561,3888,1749,511,2,5,2,3
2,Music & Audio,3.9,100000,92,671,6,82480,,,,,1,2,
2,Arcade,4.6,50000,51,680,6,67889,959,318,132,,2,,
2,Communication,4.7,1000,50,170,3,24316,327,158,34,2,4,,
2,Business,4,100000,50,148,6,14235,136,50,10,11,1,,
2,Entertainment,4.1,100000,51,0,0,0,1710,705,265,5,,,6
2,Education,4.7,10000,92,3295,12,441637,7060,4682,879,,4,2,
2,Personalization,4,100000,51,567,3,68285,1054,306,126,,3,,
2,Productivity,4.3,1000,51,182,3357,15024,205,65,26,,,2,3
2,Finance,4.1,5000,50,833,6,63226,1279,590,108,1,1,5,
2,Shopping,4.5,1000,50,1998,6622,279037,4284,3118,538,6,1,2,
2,Finance,4.4,1000,50,755,6,56680,725,166,52,1,,6,
2,Lifestyle,4.6,100000,92,711,9,84413,936,270,97,,3,2,5
2,Arcade,4,500000,51,2261,1799,271682,3588,1888,504,,4,56,
2,Media & Video,3.9,10000,0,41,3,4229,67,27,12,,,3,
2,Books & Reference,5,1000,92,261,6,47845,315,69,28,,1,2,
2,Transportation,4.1,100000,50,58,3676,5602,58,4,2,1,,2,3
2,Tools,4,10000,51,96,9,14108,180,64,27,,1,4,
2,Health & Fitness,4.3,1000,0,35,3,2387,42,2,1,,,,
2,Entertainment,3.9,10000,50,511,6,58720,,,,,4,2,
2,Music & Audio,3.7,10000,92,376,6,40768,,,,2,1,2,
2,Educational,4.1,50000,92,2709,9,326672,5426,3734,710,1,2,2,
2,Personalization,4.2,1000,51,141,6,13920,257,81,36,,1,,
2,Books & Reference,4.5,10000,92,736,6,89298,984,449,169,2,2,2,1
2,Casual,4.3,10000,92,3710,12,407643,7154,5193,881,,2,2,
2,Arcade,4.1,100000,92,2244,15,240273,3906,1509,585,2,10,2,1
2,Lifestyle,4.1,10000000,50,3114,3104,396067,6286,3290,991,6,3,5,9
2,Entertainment,3.2,100000,0,7,3,333,6,0,0,,,2,
2,Media & Video,4,5000,50,203,3,17090,243,30,13,3,3,5,7
2,Media & Video,4.1,1000,51,136,9,10215,122,45,15,2,5,3,
2,Casino,4.5,5000000,92,4155,12,356659,5807,2731,638,2,3,2,1
2,Travel & Local,4.2,5000,50,484,12,51336,746,280,117,8,1,2,26
2,Arcade,4.3,1000000,92,777,12,70326,,,,,9,2,
2,Sports,3.8,500000,100,2388,12,280263,4896,3359,576,4,4,2,
2,Productivity,4,100000,51,2051,30,229447,3503,1774,447,,4,4,13
2,Education,3.6,50000,51,165,3,13515,174,47,21,,,2,1
2,Tools,4.5,5000,0,26,3,1452,24,2,1,2,,2,2
2,Casino,4.3,100000,51,1156,9,107481,1665,587,244,1,3,2,5
2,Communication,4.1,10000000,50,3234,15,327065,,,,1,5,12,
2,Health & Fitness,3.3,50000,92,262,3,29131,482,147,67,,10,2,
2,Tools,4.4,10000000,100,4614,9,431820,,,,18,3,6,
2,Entertainment,4.7,1000,92,2971,18,298107,3364,1170,425,1,9,2,10
2,Tools,4.2,1000000,100,2072,12,252577,,,,4,2,3,
2,Personalization,4.6,50000,51,75,5095,15102,57,2,1,,,,
2,News & Magazines,4.2,10000,50,1062,6,111252,1915,883,233,1,5,2,8
2,Books & Reference,3.8,1000,92,1207,6,195651,2287,1442,327,,3,2,
2,Travel & Local,3.6,10000,100,464,9,77202,,,,1,6,2,
2,News & Magazines,4.2,10000,50,743,3666,62675,1215,579,153,,1,2,2
2,Personalization,4.2,10000000,0,242,6,22950,,,,,4,3,
2,Transportation,4.7,100000,51,186,9,19965,270,24,12,1,1,6,8
2,Puzzle,4.2,10000000,51,411,345,63438,1646,1332,203,,3,2,1
2,Finance,3.9,50000,51,151,3,14609,194,87,31,,,2,4
2,Family,3.9,1000,92,909,6,89757,1142,377,143,2,2,2,3
2,Communication,4.1,1000000,50,288,39,36225,357,78,27,2,1,,4
2,Transportation,4.4,1000,100,4340,9,470535,7917,5620,1023,2,2,2,
2,Tools,4.6,10000000,51,1276,9,104018,,,,3,5,4,
2,Casual,4.1,1000,92,250,6,23988,,,,,8,2,
2,Casual,4.2,100000,92,647,6,72698,1304,695,178,5,3,2,11
2,News & Magazines,4.3,10000,100,3181,9,362520,6547,4602,758,1,3,2,5
2,Business,4,100000,80,6536,12,749208,11784,8155,1646,11,4,5,
2,Simulation,4.3,100000,51,1241,9,175104,2426,1500,360,,3,,4
2,Productivity,3.5,1000,50,62,3,5794,63,10,5,1,,2,5
2,Music & Audio,3.7,1000,51,1179,41338,111217,1598,598,233,,6,,
2,Education,4.4,1000,51,2595,15,345153,5095,2671,758,6,3,6,
2,Arcade,3.8,1000,0,29,6,3086,,,,,1,2,
2,Health & Fitness,4.1,1000000,51,5843,18,543849,,,,1,,3,
2,Shopping,4.1,100000,,0,0,0,,,,,,,
2,Arcade,4.2,5000000,51,844,6,76723,1254,396,169,,6,2,2
2,Entertainment,4.3,1000,92,2513,6,295009,4872,3251,580,1,3,2,
2,Entertainment,3.7,1000,0,7,3,1275,12,6,2,,1,2,10
2,Tools,3.8,100000,50,2044,17232,176893,2365,846,315,2,1,2,17
2,Lifestyle,4.1,10000,50,883,3,78906,837,265,79,5,,,
2,Arcade,4.4,10000,51,64,6,6111,84,41,17,,,5,2
2,Books & Reference,3.8,10000,92,384,534,63772,670,219,85,2,1,2,6
2,Entertainment,4.4,1000,92,3769,9,473332,7666,5211,1018,,3,2,14
2,Tools,4,10000,51,69,3660,8083,83,8,4,,,2,
2,Entertainment,4.4,1000,88,508,9,62102,,,,2,2,2,
2,Sports,3.6,1000,51,61,5117,6021,59,0,0,,,2,3
2,News & Magazines,4.5,10000,51,65,6,4209,78,31,14,7,,2,9
2,Lifestyle,4.5,10000,51,37,3,1982,38,22,3,3,1,2,4
2,Books & Reference,4.2,5000,51,52,3,5822,97,48,16,,,2,8
2,Health & Fitness,4,10000,50,945,9,105680,1266,340,135,1,7,2,2
2,Puzzle,3.8,10000,92,2487,12,305910,4891,3386,609,,1,2,13
2,Entertainment,4,10000,51,110,6,11570,127,32,15,,,2,16
2,Business,4.2,1000,51,28,6,1635,24,8,4,1,,2,
2,Social,4.6,10000,50,1348,17365,147183,2386,996,399,2,9,6,
2,Racing,3.6,1000000,92,262,5098,29557,,,,,6,2,
2,Trivia,4,50000,100,1697,12,170649,,,,,2,2,
2,Finance,5,1000,51,59,3660,6689,66,9,4,,,2,
2,Personalization,4.5,500000,0,139,6,15959,,,,,5,4,
2,Puzzle,4.4,10000000,51,1542,6,120500,1839,603,230,,2,2,11
2,Sports,4.6,5000000,51,3523,9,333819,4875,2202,751,3,3,5,3
2,Productivity,3.8,5000,51,73,9,5328,126,40,19,,1,4,
2,Photography,4.8,1000,51,344,3,25344,,,,,3,4,
2,Books & Reference,4.8,1000,,246,6,23437,52,11,5,,2,,3
2,Business,4,1000,51,193,24,11896,,,,2,,2,
2,Entertainment,4.5,10000,51,536,6,52437,852,467,120,1,3,2,1
2,News & Magazines,4.6,1000,51,378,9,37500,528,207,88,,7,2,
2,Entertainment,4.4,100000,100,1204,9,107537,1742,879,154,2,2,,
2,Personalization,4.2,1000000,92,994,6,92017,1600,733,169,,3,2,3
2,Lifestyle,3.9,50000,50,973,9,100254,1809,775,266,1,1,2,
2,Finance,4.2,500000,50,661,12,90237,992,277,85,1,,3,2
2,Productivity,4.1,1000000,100,1224,6,160996,2509,1610,336,,2,2,
2,Puzzle,4.1,10000,0,284,6,15620,298,63,27,,1,2,19
2,Puzzle,3.3,100000,92,1781,156572,171683,2562,1244,327,1,7,2,
2,Tools,4.2,1000,50,614,9,69359,1040,396,140,7,2,,
2,Tools,4,10000,92,560,15,71480,,,,,1,2,
2,Sports,3.6,10000,50,192,3,21460,240,137,32,,1,2,1
2,Entertainment,4.3,1000,51,18,3,864,25,20,3,,,2,
2,Puzzle,3.9,100000,51,1742,6,202085,,,,,6,2,
2,Arcade,3.8,10000,92,567,12,64937,711,282,110,,6,2,3
2,Tools,4.7,1000,51,11,3,717,,,,,,5,
2,Music & Audio,4,100000,92,4634,6,524136,7640,4853,1105,3,1,2,2
2,Personalization,4.1,10000,92,2271,12,271912,4870,3326,562,3,1,2,4
2,Racing,4,1000,51,153,47063,33034,,,,,1,2,
2,Puzzle,4.1,10000,50,57,3,5567,,,,4,1,2,
2,Puzzle,4.3,50000,92,0,0,0,3636,1406,549,3,,2,3
2,Education,4.8,10000,51,897,9,83335,1459,666,233,2,2,2,4
2,Tools,3.9,50000,0,12,6,503,9,0,0,,,2,
2,Arcade,3.6,1000000,92,3077,9,356504,6229,4497,734,1,3,2,4
2,News & Magazines,3.8,100000,92,2626,12,311792,5306,3684,696,3,2,,
2,Education,3.8,5000,51,1820,21,168860,2075,1066,370,1,3,4,14
2,Personalization,4.1,10000,0,9,3,216,1,0,0,,,2,4
2,Personalization,4.4,1000,0,17,3,843,4,0,0,1,,2,15
2,Casual,4.6,5000,92,13,6,1707,1,0,0,3,,2,2
2,Tools,4.1,10000,51,70,6,5330,73,29,10,,1,2,45
2,Music & Audio,4.4,1000,50,830,6,72346,961,362,143,2,1,2,
2,Music & Audio,4,10000,51,254,9,45094,262,43,18,1,5,2,18
2,Tools,4.1,10000,100,893,9,79737,1253,505,201,3,3,2,
2,Music & Audio,3.7,5000,51,243,6,21803,,,,,7,2,
2,Weather,4.2,50000,50,2120,18,311941,,,,,2,2,
2,Business,4.2,1000,51,64,9,4895,103,8,4,,1,2,13
2,Finance,4.3,100000,51,261,3,31125,302,83,31,,1,2,2
2,Books & Reference,4.8,10000,0,17,3,832,7,4,2,,,3,14
2,Travel & Local,4.3,100000,50,3692,12,394144,6765,3546,961,,3,5,5
2,Arcade,4.3,10000000,51,1098,6,143240,2706,1360,430,,3,2,32
2,Tools,3.9,10000,100,3545,9,388258,6903,5116,858,4,,2,
2,Casino,4.4,5000000,92,936,9,84141,1170,347,141,1,7,,
2,Puzzle,3.2,10000,50,357,12,35397,488,92,43,2,1,2,6
2,Music & Audio,4.4,1000,51,1065,18,91298,1542,785,234,2,2,2,
2,Casual,3.7,1000,51,265,9,54426,510,181,50,1,3,2,3
2,Music & Audio,4.1,10000,51,110,6,10436,138,44,19,5,1,4,3
2,Tools,4.2,50000,51,1582,6,202226,1576,874,232,,3,2,
2,Lifestyle,4.2,100000,51,164,6,13085,191,26,11,4,,6,6
2,Travel & Local,4.2,10000,50,2001,9,226939,4845,2898,593,2,1,5,
2,Lifestyle,4.2,500000,50,27,3,1242,,,,,,2,
2,Books & Reference,4.5,10000,50,1144,12,116825,1579,708,280,,9,2,13
2,Arcade,4.2,1000000,92,1913,9,212458,,,,1,4,2,
2,Action,4.1,5000000,92,804,9,97163,1109,379,163,,1,2,10
2,Personalization,4.2,1000,92,1882,9,272116,3346,1903,490,,3,2,1
2,Finance,4.9,1000,51,89,3,8310,114,4,2,,1,2,5
2,Productivity,4,1000,51,259,12,35404,512,157,69,,6,2,
2,News & Magazines,4.8,1000,92,3343,18,294517,3906,1546,502,1,9,2,2
2,Comics,4.7,10000,51,60,9,3565,58,46,21,,2,5,3
2,Tools,3.8,5000,50,71,3,8295,125,32,14,,,2,
2,Puzzle,3.7,100000,92,672,5101,66804,1253,403,176,,7,2,2
2,Role Playing,4,1000000,51,1358,6,157407,3241,1639,534,,3,2,5
2,Entertainment,4.1,500000,0,2,3,125,2,0,0,,,2,
2,Education,4.3,100000,92,3876,12,424274,7583,5136,1228,,3,3,40
2,Educational,3.7,1000000,92,1342,12,157120,1806,783,310,,8,2,1
2,Racing,3.7,50000,92,2456,18,311849,4248,2148,596,,5,,
2,Weather,4.4,1000000,51,2265,24,308243,4015,2290,625,,4,2,2
2,Tools,4.4,50000,92,209,9,40798,219,47,20,,1,2,23
2,Casual,3.8,1000,51,550,15,47283,800,339,131,,1,2,9
2,Travel & Local,3.8,100000,50,66,3,3769,45,6,3,1,,2,4
2,Entertainment,4.3,10000,51,939,15,105824,2087,709,253,,5,2,
2,Tools,4.1,10000,0,19,3,1298,16,4,2,,,,
2,Tools,3.4,100000,51,1349,6,134714,2056,768,298,,6,,
2,Music & Audio,4.4,10000,92,882,26158,106150,837,209,80,2,1,2,15
2,Finance,3.8,10000,51,774,18,73539,1123,447,169,,1,2,
2,Puzzle,3.2,50000,51,143,6,14503,154,32,13,1,2,2,3
2,Puzzle,4.2,5000,92,1105,9,161596,1641,540,211,1,3,2,5
2,Productivity,4.3,500000,100,6368,85,553258,9062,4483,1254,8,1,5,
2,Arcade,3.6,1000000,51,894,97010,102530,1012,229,83,1,3,,
2,Entertainment,4,1000,,1919,9,208606,1441,551,213,,,,2
2,Comics,4.7,5000,51,61,9,3595,,,,,2,5,
2,Education,4.2,1000,51,430,6,41592,,,,,2,2,
2,Communication,4.2,5000000,88,6167,158031,573198,8834,3357,1075,3,3,12,
2,Puzzle,3.4,100000,100,1072,9,140203,,,,1,5,2,
2,Racing,4,10000,51,141,15,28070,244,70,28,,2,2,13
2,Family,4.3,10000,92,2522,12,293081,5360,2893,799,,3,,
2,Action,3.9,100000,51,254,6,22121,251,46,21,,6,2,12
2,Educational,4.1,5000,92,1074,6,180803,2151,1277,241,,3,2,2
2,Personalization,3.7,10000,0,519,6,48163,,,,,4,,
2,Lifestyle,3.7,5000,51,48,3,4306,,,,1,1,2,
2,News & Magazines,4.5,1000,50,5865,24,665066,11236,6449,1722,,4,6,1
2,Tools,4.1,10000,0,46,6,4825,46,19,7,2,1,6,
2,Finance,4.7,1000,51,2773,21,279410,4969,2834,870,2,2,3,
2,Finance,4.5,1000,50,161,9,15111,211,41,17,1,2,,
2,Productivity,4.5,1000,51,194,3381,15496,233,75,31,4,,2,17
2,Entertainment,4.5,1000000,50,3974,9,461849,7780,4614,1131,4,3,5,18
2,Tools,4,10000,51,71,3,8086,121,35,16,,1,2,4
2,Personalization,3.8,10000,51,1656,21,146398,2016,452,176,1,1,4,11
2,Books & Reference,4.6,1000,92,1155,6,143384,2911,2168,298,1,,2,2
2,Books & Reference,3.6,1000,51,184,3354,14997,208,67,27,,,2,14
2,Education,4.1,10000,0,49,3,2638,72,17,8,,1,,
2,Music & Audio,3.7,10000,51,2399,13,245514,,,,,5,3,
2,Tools,4.3,500000,51,258,9,35525,423,88,30,2,1,6,
2,Tools,4.3,1000000,100,4438,24,338236,,,,9,3,2,
2,Comics,3.9,1000,50,4794,24,515614,,,,,5,6,
2,Medical,4.6,10000,0,542,6,41376,805,572,121,,2,2,5
2,Travel & Local,4.6,5000,51,1256,12,98636,1239,395,130,9,,2,19
2,Finance,4.7,1000,92,592,9,78681,717,285,119,,2,2,4
2,Education,4.5,5000000,51,2275,12,246216,3429,1521,517,,1,4,
2,Tools,4.5,10000,0,146,9,8101,184,64,23,,,5,3
2,Education,4.1,10000,92,1166,15,129415,1430,532,199,,4,5,9
2,Sports,4.6,10000,92,1085,39,98476,1677,914,190,1,2,2,
2,Education,4.2,10000,51,1163,9,116936,1797,787,300,,2,,
2,Lifestyle,4.1,500000,53,1077,3,128324,1998,867,213,6,3,5,10
2,Tools,3.7,10000,0,65,3,5937,104,25,12,1,1,2,2
2,News & Magazines,4.1,1000,51,127,9,17390,193,39,17,4,4,,
2,Books & Reference,4.4,5000,92,1074,12,126463,1765,802,272,,2,,
2,Travel & Local,4.7,1000,51,605,12,55593,,,,5,,2,
2,Music & Audio,3.6,1000,100,1160,6,92659,1607,669,155,,2,3,
2,Tools,3.9,50000,51,265,6,29249,382,142,56,,1,2,3
2,Educational,3.6,10000,92,830,9,79670,1112,447,151,,9,2,
2,Entertainment,4.1,10000,51,1070,9,91260,1316,347,121,,1,2,11
2,Arcade,4.3,50000,51,70,6,4472,102,27,12,,,2,
2,Communication,4.3,1000000,50,887,15,90933,935,246,98,6,2,,10
2,Business,4.2,5000,51,993,12,139307,1914,1009,322,,1,,
2,Music & Audio,4.2,1000,92,1170,6,93191,1621,661,149,,2,5,
2,Puzzle,3.3,5000,51,749,5120,85077,,,,1,4,2,
2,Communication,3.8,1000000,50,627,6,52298,,,,2,2,5,
2,Puzzle,3.9,100000,92,796,6,75073,997,209,86,,5,2,2
2,Puzzle,3.7,10000,51,1109,6,112423,,,,,2,2,
2,Books & Reference,3.8,1000,92,303,3,47230,,,,,3,2,
2,Casual,4.4,10000,92,3592,15,438586,8310,4955,1186,,4,2,3
2,News & Magazines,3,1000,92,2318,15,334231,3901,2088,542,2,2,2,5
2,Entertainment,4.3,10000,100,1717,6,214533,3957,2944,479,3,2,3,
2,Tools,3.9,500000,92,1523,15,326792,4014,1819,439,,11,2,7
2,Shopping,4.1,1000,100,381,9,55749,,,,4,3,2,
2,Productivity,4.4,10000000,92,687,6,57990,,,,6,2,2,
2,Transportation,4.3,5000,51,59,3663,6178,64,10,4,,,2,2
2,Business,4.2,10000,51,340,6,31034,,,,1,2,3,
2,Media & Video,5,1000,51,985,12,105686,1300,558,204,4,2,4,
2,Tools,3.6,1000,51,101,6,10732,173,13,5,,1,2,5
2,Education,4.4,1000,92,225,9,19941,,,,2,2,2,
2,Sports,3.3,10000,51,77,5095,9082,73,8,4,,,3,12
2,Music & Audio,4.9,1000,51,482,9,42612,661,216,61,,,,
2,Puzzle,4,10000,92,696,12,86638,1037,462,148,3,1,2,10
2,Media & Video,3.2,10000,50,61,3,6276,55,7,3,1,,2,
2,Books & Reference,4.6,1000,92,666,9,79604,851,338,141,,4,2,
2,Medical,4.2,10000,51,589,9,58108,767,273,112,1,5,5,
2,Social,4.6,100000,51,75,3,9683,118,23,11,,8,2,12
2,Tools,4.8,500000,50,316,6,46909,,,,7,2,2,
2,Lifestyle,5,1000,51,13,6,440,9,4,2,1,,,
2,Lifestyle,4.3,10000,50,1851,15,180140,2564,1067,382,,3,,
2,Books & Reference,4.4,10000,92,1185,6,194646,2167,1373,306,,3,2,11
2,Photography,4,5000000,92,770,9,105975,1073,275,118,1,1,4,
2,Health & Fitness,3.9,100000,100,540,6,73740,693,280,116,1,1,,
2,Casino,4.1,10000,92,1834,9,223760,,,,,2,2,
2,Personalization,4.1,50000,0,6,3,326,3,0,0,,1,2,
2,Shopping,4.1,1000000,51,2447,21,335102,3106,1343,508,3,1,,
2,Education,4.5,10000,50,1237,9,137241,2202,917,318,1,1,2,
2,Health & Fitness,4.5,1000,51,316,6,22941,304,49,22,,4,3,8
2,Music & Audio,4.8,1000,100,651,6,102792,1421,715,159,3,3,2,3
2,Books & Reference,4.4,10000,51,199,3,17583,231,58,25,,1,2,7
2,Casual,3.9,500000,100,5862,9,618597,9992,4825,1640,2,2,2,6
2,News & Magazines,4.5,1000,92,2015,6,239381,,,,1,2,2,
2,Tools,3.8,10000,92,571,9,76435,,,,,1,2,
2,Media & Video,4.1,1000,100,4018,5798,454206,7496,5108,946,1,4,2,
2,Entertainment,3.6,1000,0,40,3,2653,64,20,10,,1,,
2,Books & Reference,4.2,10000000,51,5999,16,536820,9467,4421,1443,8,,6,
2,Books & Reference,5,1000,50,321,6,33442,427,207,66,4,2,4,
2,Puzzle,3.4,1000000,0,9,3,3577,,,,,,2,
2,Puzzle,4.4,100000,51,1487,9,155536,2550,1053,362,3,4,,
2,Lifestyle,4.2,50000,95,651,6,102773,1422,719,161,6,3,5,18
2,Tools,4.3,10000000,92,3940,9,326186,4497,2255,465,1,3,,
2,Books & Reference,4.6,10000,0,332,6,29779,445,219,92,,3,,
2,Transportation,4.8,1000,50,66,3,4567,85,14,7,1,1,2,3
2,Finance,3.9,10000,50,1799,9,172361,3166,1221,404,3,,,
2,Personalization,4,100000,0,15,3,651,9,4,2,,,2,4
2,Entertainment,4.2,50000,92,219,6,46277,,,,,1,3,
2,Education,4,1000,92,1692,12,195824,,,,1,2,3,
2,Tools,3.7,1000000,92,671,9,94529,1076,611,170,2,2,2,13
2,Entertainment,4.2,100000,51,245,6,24086,281,52,22,,6,2,2
2,Media & Video,4.6,1000,51,750,9,75563,1054,451,181,,4,4,4
2,Tools,3.5,10000,0,34,3,2292,57,6,3,,,2,2
2,Tools,3.7,1000,51,69,6,5327,74,29,10,,1,2,7
2,Lifestyle,4.8,1000,0,10,3,236,,,,,,,
2,Productivity,4.8,1000,0,14,3,571,11,0,0,,,2,4
2,Libraries & Demo,4.4,10000000,0,7,6,132,,,,,,,
2,Lifestyle,5,1000,51,59,6,3776,91,40,19,,1,,
2,Trivia,4.1,1000,51,198,3,22164,170,41,17,,1,2,
2,Personalization,4.5,1000000,0,406,6,39774,,,,,4,7,
2,Tools,4,1000,0,29,6,1146,10,0,0,1,,2,4
2,Productivity,4.5,50000000,50,5179,12,401058,7289,2991,861,37,,6,10
2,Sports,4.5,10000,51,3289,32,371120,4918,2553,727,2,5,,
2,Media & Video,4.3,10000,92,400,9,38836,416,50,20,1,1,2,
2,Casual,3.8,1000000,51,61,5111,6047,62,4,2,,,,
2,Finance,4.8,1000,51,289,6,24728,397,152,52,1,1,2,
2,Music & Audio,4.9,1000,50,1744,9,208416,3004,1108,402,2,2,2,17
2,Tools,3.8,10000,0,33,6,2201,56,6,3,2,2,1,
2,Arcade,3.9,100000,50,420,6,53879,480,161,63,,1,2,
2,Puzzle,3.5,1000,51,840,6,79502,,,,1,3,2,
2,Board,4.1,1000,51,1280,15,304518,3722,1741,411,,9,2,
2,Communication,4,10000,51,911,9,93334,1590,650,200,2,1,2,10
2,Finance,4.5,50000,50,1237,9,151346,2196,836,326,2,3,3,2
2,Entertainment,3.7,1000,51,456,6,41195,540,235,95,,1,2,
2,Music & Audio,4.1,1000,51,1179,41338,111123,1598,589,230,,6,2,17
2,Puzzle,3.7,50000,100,4567,30,570707,8641,4413,1167,,4,,2
2,Puzzle,4.1,10000,51,81,5095,7337,87,6,3,,,2,3
2,Tools,3.3,1000,50,11,3,851,13,12,3,27,1,,
2,Social,4.1,5000000,100,4463,9,550431,8661,5157,1204,,3,7,4
2,Business,4.4,1000,0,1447,12,141061,,,,,6,2,
2,Lifestyle,4.5,100000,51,566,9,37555,799,114,49,7,,4,
2,Productivity,4.3,5000,0,466,6,35066,,,,,3,2,
2,Education,4.8,1000,51,254,6,27161,352,142,55,3,2,2,
2,Education,5,1000,51,323,6,65018,496,152,53,1,1,2,
2,Books & Reference,4.9,1000,0,15,3,517,6,2,1,,1,2,10
2,Entertainment,4.2,500000,51,2833,16,260489,4365,1642,582,1,2,5,10
2,Lifestyle,4.5,1000000,50,5401,24,588500,10272,5146,1601,5,4,5,1
2,Entertainment,4.9,1000,0,161,9,12546,134,46,20,,,2,
2,Personalization,4.1,100000,92,515,9,69424,,,,,1,2,
2,Lifestyle,4.5,10000,,538,6,75334,,,,,2,2,
2,Board,4.3,10000,92,322,6,39103,355,45,21,5,,2,6
2,Music,4.4,100000,95,3849,9,422689,7307,4617,958,1,2,,
2,Communication,4.1,100000,0,45,9,3115,64,10,5,,,,
2,Music & Audio,4.4,5000,0,510,6,48449,,,,,4,,
2,Tools,4.2,50000,51,534,9,49782,693,316,132,,3,2,2
2,Books & Reference,4.5,50000,51,270,3,27068,,,,4,1,4,
2,Personalization,4.4,50000,0,19,6,2082,13,0,0,,,,1
2,Entertainment,3.1,1000,50,280,6,39520,853,536,94,4,4,,
2,Tools,4.4,50000000,80,1735,9,155597,,,,5,2,8,
2,Finance,3.1,10000,51,836,9,77430,1054,158,68,,3,3,2
2,Books & Reference,4.7,1000,0,924,6,98255,1425,656,247,,6,2,
2,Sports,5,1000,92,2543,6,349024,5791,4362,728,,3,3,34
2,Books & Reference,4.4,100000,100,2166,9,274448,,,,2,2,3,
2,Puzzle,4.1,10000,50,693,5114,94268,978,298,115,,2,2,9
2,Weather,4.5,100000,92,1386,6,156839,1886,756,306,,3,2,8
2,Lifestyle,3.7,5000,51,78,6,6214,108,10,5,,1,,
2,Education,3.8,10000,92,442,9,46528,,,,1,2,2,
2,Business,4.2,10000,92,338,1996,27282,332,56,22,10,,6,8
2,Lifestyle,4.1,50000,50,1435,9,197384,2156,887,341,3,1,3,
2,Health & Fitness,3.2,1000,0,48,6,3088,47,18,7,,1,3,2
2,Education,3.7,5000,92,688,6,85648,,,,,3,2,
2,Arcade,3.8,5000,83,2662,27,288996,,,,5,1,2,
2,Casual,3.4,100000,0,14,3,1213,7,0,0,,,2,4
2,Media & Video,3.9,10000,51,46,3,4496,36,2,1,,1,2,10
2,Productivity,4.5,1000,52,23,3337,1997,,,,13,,,
2,Education,4.5,50000,92,4654,22,518264,8147,5549,1090,1,4,2,7
2,Entertainment,3.9,100000,51,14,3,678,14,6,3,1,,2,
2,Communication,4.2,50000,50,907,15,82556,997,519,149,4,4,8,7
2,Puzzle,4.2,1000000,92,1959,3,169003,,,,,5,2,
2,Books & Reference,3.6,10000,92,735,9,67558,,,,1,1,8,
2,News & Magazines,3.5,50000,50,230,6,26425,345,72,29,3,3,3,9
2,Shopping,4.2,50000,81,496,9,49161,757,373,110,8,1,2,4
2,Lifestyle,4,1000000,92,759,9,76050,996,325,127,,9,2,5
2,Travel & Local,3.3,50000,50,93,4888,8292,102,6,3,,,2,11
2,Music & Audio,4.1,10000,92,853,6,79356,,,,,,2,
2,Racing,4,100000,92,1293,12,152314,1756,751,298,2,6,2,6
2,Communication,5,1000,50,598,9,61973,,,,1,,2,
2,Casino,4.2,10000,51,1217,12,103512,1353,246,98,6,5,,
2,Tools,4.3,1000000,86,1361,9,159680,,,,15,,4,
2,Media & Video,3.8,10000,92,522,9,69849,,,,1,1,2,
2,Tools,4.3,50000,51,43,3,2848,64,35,12,,,2,
2,Tools,3.3,1000,0,11,3,881,8,0,0,,,2,17
2,Books & Reference,3.6,1000,92,516,9,69360,647,258,107,,1,2,12
2,Communication,4,10000000,50,10,3,877,22,4,2,26,,,3
2,News & Magazines,4,100000,50,60,9,5742,74,10,5,,2,2,19
2,Business,3,500000,86,1459,9,149482,2879,1542,261,7,3,4,3
2,Personalization,4.2,10000,0,9,3,216,1,0,0,,,2,
2,Casual,4.2,1000000,92,988,39,170703,1387,512,116,,3,2,
2,Tools,4,100000,92,743,6,104308,1041,356,137,2,1,5,5
2,Productivity,4,10000,50,582,3,53138,894,120,50,2,1,3,6
2,Word,4,50000,92,2288,15,232877,3230,984,364,4,3,,
2,Casual,4.4,1000,50,423,5111,39292,501,133,60,,1,2,12
2,Photography,4,5000000,92,1510,6,153935,2440,1324,294,4,1,2,5
2,Entertainment,4,5000,51,219,83,21676,332,56,25,1,,5,14
2,Card,3.7,5000,51,107,3528,16984,218,29,12,,1,2,2
2,Tools,3.9,1000,51,455,9,44808,557,265,110,1,1,2,2
2,Books & Reference,4.6,10000,92,1199,15,141241,1803,690,257,1,1,2,5
2,Tools,4.2,1000,0,12,6,591,10,2,1,,,2,
2,Music & Audio,3.3,50000,51,763,6,82478,979,337,128,,2,2,13
2,Health & Fitness,4,50000,92,1751,9,221593,3024,1441,459,,5,6,
2,Casual,3.7,10000,51,599,9,27693,,,,2,1,2,
2,Tools,4.4,1000000,92,829,15,79116,932,223,70,,1,6,5
2,Communication,3.8,10000,50,543,9,48656,497,128,56,4,,,
2,Puzzle,3.5,5000,92,1198,6,125835,,,,,3,2,
2,Puzzle,3.3,10000,51,69,5098,7134,81,9,3,,,2,15
2,Education,3.9,100000,51,70,3,7292,86,6,3,,1,,
2,Business,4.2,5000000,92,2022,12,298945,3463,1882,495,,4,,
2,Educational,4.5,10000,92,1059,12,122705,1487,632,216,3,1,2,6
2,Personalization,4,50000,0,19,3,1619,43,16,8,,,2,13
2,Finance,4.7,1000,51,2130,18,171049,2766,1239,402,1,2,,
2,Personalization,3.9,100000,51,227,6,20773,228,36,16,,1,2,1
2,Entertainment,4.2,500000,51,163,9,13865,148,28,12,,1,2,7
2,Business,3.8,10000,51,1259,15,296749,3652,1701,405,,9,2,2
2,Action,3.8,1000,51,2702,15,260056,3833,1561,559,,5,2,7
2,Business,4.5,1000,50,2560,12,292644,,,,,2,2,
2,Sports,3.9,5000000,51,1801,12,181997,2718,1195,411,,3,2,
2,Entertainment,3.5,5000,92,231,3,42050,242,70,24,1,2,2,2
2,Tools,4.4,50000,0,10,6,213,3346,1910,494,,,,4
2,Medical,3.6,5000,92,680,9,86660,,,,2,3,2,
2,Education,4.6,100000,92,447,6,65545,688,250,87,2,3,2,5
2,Communication,4.3,10000000,53,3641,18,369863,5667,2409,887,6,,6,
2,Music & Audio,4.2,10000,51,35,6,2849,,,,1,,2,
2,News & Magazines,3.8,5000,51,1845,18,150489,2100,599,235,,3,2,4
2,News & Magazines,4.8,500000,51,116,5117,13153,246,98,21,3,1,2,3
2,Entertainment,3.8,5000,51,975,6,81596,1160,504,177,,3,13,
2,Education,4.2,5000,51,69,6,7345,81,17,5,,4,2,2
2,Books & Reference,3.7,1000,100,4339,30,544085,8254,4285,1114,,4,6,11
2,Puzzle,4.4,100000,51,1413,6,94679,,,,,4,2,
2,Puzzle,4.4,1000,51,1314,9,98602,1746,795,299,1,5,2,4
2,Puzzle,3.8,10000,92,2487,12,305910,4891,3378,608,,1,2,2
2,Education,4.4,10000,51,2718,6,178168,4102,3521,179,,3,3,
2,Lifestyle,4.1,5000,51,54,3660,5764,47,0,0,,,2,7
2,Lifestyle,4.5,100000,51,95,9,10431,123,17,7,,6,2,4
2,Education,4.3,50000,51,260,9,26879,324,60,25,,6,2,3
2,Sports,4.5,1000000,100,1146,197,119617,1752,693,288,1,2,,
2,Casual,4.2,10000,51,724,18,70498,1009,486,118,,2,,
2,Productivity,4.2,100000,51,4704,42,438790,,,,1,4,5,
2,Education,4.7,1000,95,2729,12,288949,3918,1630,593,2,3,2,4
2,Tools,4.5,10000,0,7,3,152,1780,765,305,,,,4
2,Tools,4.5,1000,52,387,12,48034,,,,7,1,3,
2,Tools,4.4,5000000,86,5314,46,561849,7605,2472,904,19,,,
2,Productivity,4.3,100000,50,5054,18,474678,8841,5145,1381,1,1,3,
2,Comics,3.4,5000,92,932,6,119342,1212,484,195,,3,2,
2,News & Magazines,4.8,1000,92,158,6,13420,292,149,39,3,1,5,7
2,Personalization,4.3,50000,0,9,3,318,2,0,0,,,2,
2,News & Magazines,3.8,5000,51,12,6,373,6,0,0,1,,2,
2,Lifestyle,3.3,5000,50,2015,12,237866,4039,2686,525,1,2,5,13
2,Role Playing,4.6,1000000,92,3423,9,340066,4696,2002,654,2,3,,
2,Lifestyle,3.6,10000,51,54,3660,5764,47,0,0,,,2,4
2,Simulation,4.5,500000,100,1519,21,203709,2002,716,276,1,2,3,8
2,Media & Video,4,100000,51,71,3,6199,94,9,4,,,2,
2,Shopping,4.1,1000,100,2992,18,301777,,,,1,3,2,
2,Puzzle,4.6,1000,92,242,6,45432,271,71,32,,2,2,8
2,Board,4,50000,100,1973,18,378492,,,,2,9,2,
2,Communication,4.1,100000,50,1489,6,123903,2250,828,199,3,6,9,18
2,Entertainment,4.6,1000,51,37,6,1881,,,,1,,3,
2,Puzzle,3.6,10000,51,73,3,8558,124,29,13,,,2,4
2,Education,4.2,10000,92,252,9,45696,322,67,29,1,2,2,4
2,Health & Fitness,3.4,50000,0,409,12,38572,556,206,86,,2,2,3
2,Finance,4.1,5000000,50,935,12,83146,1125,344,147,2,3,5,
2,Libraries & Demo,4,100000,0,10,3,555,519,269,103,,,2,
2,Personalization,4.6,1000,92,644,6,81059,880,382,160,1,2,,8
2,Communication,3.8,1000000,,710,6,120151,803,96,38,,18,2,3
2,Puzzle,4.8,1000,92,236,6,43492,242,57,24,,1,2,
2,Board,3.8,100000,92,306,12,27918,421,217,91,,5,2,14
2,Entertainment,3.8,5000000,100,3251,12,356568,,,,1,3,2,
2,Books & Reference,4.9,1000,51,270,3,27068,392,141,56,4,1,4,
2,Education,3.9,50000,50,1782,9,218568,,,,2,,5,
2,Personalization,4.2,50000,0,6,3,326,3,0,0,,1,2,
2,Simulation,4.2,10000,92,2601,12,306000,5358,3562,662,3,2,5,
2,Shopping,4.4,500000,51,2783,12,307837,,,,2,4,4,
2,Puzzle,3.8,1000,0,322,6,29517,433,211,88,,2,2,2
2,Casino,3.9,1000,92,671,9,88134,1123,337,140,,2,2,26
2,Trivia,3.7,100000,92,4016,9,436988,7458,4760,1028,,6,,4
2,Medical,4.1,50000,51,771,6,67911,1092,471,191,,4,2,
2,Health & Fitness,4.7,10000000,100,7123,19,674908,,,,2,4,5,
2,Entertainment,4.5,1000,0,509,12,58577,665,258,103,,10,2,7
2,News & Magazines,3.5,100000,51,9,3,231,3,2,1,,,,2
2,Personalization,3.7,50000,100,686,3,89547,1080,423,157,,2,2,17
2,Books & Reference,4.6,5000,51,33,6,3589,77,31,14,9,1,2,
2,Entertainment,4.6,10000,51,55,3,5641,117,65,22,,2,2,4
2,Lifestyle,3.9,10000,50,74,3,8444,143,52,18,,,2,3
2,Puzzle,4.2,50000,100,1399,1114,133887,2010,873,284,2,3,,
2,Entertainment,4.5,1000,92,767,6,93682,1028,435,179,1,2,2,18
2,Media & Video,3.7,100000,51,581,9,57783,,,,,2,2,
2,Tools,4.3,10000,51,493,9,55909,658,211,76,,1,3,
2,Music,3.8,100000,50,1479,6,196779,3377,1869,562,1,3,2,
2,Lifestyle,3.5,1000,100,4707,30,584363,8909,4555,1226,,3,6,3
2,Finance,3.7,5000000,53,2544,28,340799,3591,1714,524,5,1,,
2,Tools,4.5,1000000,50,292,3,24953,355,86,39,2,1,5,2
2,Music & Audio,3.7,10000,51,259,6,35966,,,,2,6,2,
2,Photography,4.1,5000000,92,1695,9,221922,3739,2530,476,,3,5,
2,Education,4.7,10000,92,3295,12,441637,7060,4688,879,,4,2,7
2,Tools,4.5,100000,51,540,9,52010,686,155,57,1,1,2,10
2,Finance,3.4,5000,51,120,6,12363,174,47,21,,,2,1
2,Puzzle,3.8,1000,0,58,3,4077,44,18,9,,1,2,15
2,Puzzle,3.9,100000,51,573,6,56111,814,284,110,,3,2,
2,Sports,3.6,50000,92,1177,15,129915,1656,558,219,,7,2,
2,Racing,3.9,50000,51,993,5117,104403,1893,933,251,,3,2,2
2,Transportation,4.2,100000,100,3273,18,279759,,,,,,5,
2,Tools,3.4,10000,51,136,6,8208,155,21,9,2,,,
2,Tools,4.2,1000000,92,927,6,89852,,,,1,2,2,
2,Puzzle,3.7,10000,50,889,3,124803,2292,1072,347,,1,2,1
2,Arcade,3.7,50000,51,183,6,14339,,,,,7,2,
2,Tools,4.1,10000,50,57,3,7856,120,85,10,3,,2,
2,Entertainment,3.7,10000,51,878,12,76278,1044,302,98,,3,,
2,Personalization,4.1,100000,100,1476,6,181911,2476,942,361,2,3,4,
2,Arcade,3.9,1000,51,1125,5126,107117,,,,1,2,5,
2,Arcade,3.3,50000,51,75,6,5562,109,33,13,,2,2,13
2,Education,3.7,500000,51,131,5114,12966,113,12,5,1,2,,
2,Books & Reference,3.9,1000000,50,366,3,39729,,,,9,1,5,
2,Sports,3.7,10000000,92,514,6,66949,729,238,88,,2,2,17
2,Education,3.7,1000,92,1608,6,206721,3669,2614,434,,1,2,16
2,Tools,4.2,5000,51,162,6,13921,152,32,14,,1,2,4
2,Music & Audio,4.4,10000,51,574,9,55589,769,290,118,,2,2,
2,Music & Audio,4.3,1000,50,442,6,41814,610,276,111,1,2,3,
2,Media & Video,4.1,100000,92,2865,32345,321885,3555,1207,396,2,3,2,
2,Communication,3.9,5000,0,37,3,5687,90,30,15,,2,4,
2,Tools,4.3,10000000,92,3965,12,321751,4544,2246,456,1,3,7,
2,Personalization,3.9,1000,92,2199,9,182707,,,,,6,2,
2,Lifestyle,4.3,5000,92,1064,6,106804,,,,,2,2,
2,Casual,4.1,1000,100,853,9,78114,1149,297,123,,7,5,
2,Productivity,4.1,10000,51,456,12,47237,582,114,49,2,,2,
2,Personalization,3.8,100000,51,75,6,8054,97,16,8,,1,,2
2,News & Magazines,4.1,1000,50,321,6,33442,,,,4,2,4,
2,Photography,4.4,1000000,51,580,9,55850,814,327,136,1,1,2,11
2,Entertainment,3.9,10000,51,115,3,12522,199,57,25,,,2,4
2,Lifestyle,3.9,100000,51,169,9,19395,289,84,37,,1,2,
2,Business,3.8,1000,0,61,6,5518,,,,,,2,
2,News & Magazines,4,1000,50,1764,12,198611,2230,752,289,2,1,,
2,Books & Reference,4.7,10000,51,56,6,3530,54,33,9,,,2,8
2,Books & Reference,4.7,100000,51,139,6,17165,166,26,12,1,1,3,14
2,Tools,4.4,500000000,50,552,9,41475,,,,2,,4,
2,Business,3.6,1000,51,261,6,35565,517,162,72,1,2,2,4
2,Books & Reference,4.5,10000000,92,3207,12,432322,5279,3142,706,,2,6,2
2,Photography,4.4,1000000,100,4144,21,487692,8528,5019,1240,2,4,,
2,Finance,4.4,1000,50,376,6,35597,704,137,56,1,2,2,7
2,Entertainment,4,500000,51,257,6,33907,498,235,67,2,,5,6
2,Entertainment,3.6,1000,92,3039,9,414437,6623,4965,851,1,1,2,2
2,Lifestyle,4.3,10000,92,1782,41338,189995,2537,843,336,2,8,2,9
2,Tools,4.2,1000000,50,192,3,15584,182,50,20,,,2,8
2,Tools,4.1,500000,51,361,9,32605,,,,5,1,2,
2,Racing,4.2,10000000,50,1406,6,119961,1946,616,235,,1,2,4
2,Health & Fitness,3.7,500000,92,262,3,29131,482,147,67,,10,2,
2,Personalization,3.6,10000,0,6,3,122,3730,1600,574,,,,
2,Tools,3.8,1000,0,11,3,641,12,2,1,,,2,
2,Tools,4.6,1000,51,89,6,10294,135,13,6,,,2,
2,Puzzle,4.1,100000,50,1880,12,198156,2876,1275,429,2,1,2,5
2,Sports,4.4,1000,51,85,6,8267,98,6,3,,1,2,
2,Education,4,100000,51,155,3,12608,219,49,22,1,1,2,
2,Business,4.3,10000,51,76,3,5868,84,36,12,1,,2,
2,Lifestyle,3.8,50000,0,4,3,403,,,,,,2,
2,Education,4.1,1000,100,1783,6,230150,4056,2990,497,1,2,,
2,Media & Video,3.3,5000,100,1491,9,196364,3641,2688,464,7,1,2,7
2,Tools,3.7,1000,,74,6,8325,157,32,14,,,,
2,Weather,4.3,1000000,0,12,3,557,13,7,1,,1,4,4
2,Action,3.7,10000,92,2753,9,318838,5608,3973,636,,5,2,9
2,Tools,4,50000,92,827,6,98900,1034,385,160,,2,,
2,Social,3.5,100000,50,454,9,40534,606,198,84,1,3,4,9
2,Communication,4.5,500000,52,2844,12,214155,,,,6,1,8,
2,Tools,4.1,10000,0,42,3,3983,31,23,11,,,2,
2,Books & Reference,4.3,10000,92,2438,6,288977,5376,4104,582,,6,2,5
2,Education,4.6,5000,92,1524,6,221182,2762,1644,405,1,2,2,3
2,Education,4.7,50000,51,99,4955,8976,130,11,5,,,3,
2,Action,4.1,10000000,51,949,6,120743,2269,1091,349,,5,2,9
2,Books & Reference,3.8,100000,92,672,9,88331,1073,572,165,,3,2,6
2,Lifestyle,4.2,500000,50,1247,12,120442,,,,1,2,5,
2,Education,3.7,1000,100,403,3,55965,496,138,59,,5,3,9
2,Puzzle,4.1,100000,51,346,21,34099,335,24,10,1,1,5,3
2,Business,4,5000,51,154,12,27553,429,174,60,1,,2,
2,Strategy,4.2,1000,0,512,6,47832,700,346,141,,4,2,1
2,Education,3.3,1000,51,38,6,4055,57,22,10,1,,2,
2,Education,3.6,10000,50,180,6,21495,,,,9,,2,
2,Productivity,3.4,1000,0,12,3,789,12,2,1,,,5,1
2,Arcade,3.7,100000,51,1022,3,106858,1399,247,99,,3,5,
2,Casual,3.8,1000000,51,979,6,103304,1204,352,138,3,5,3,
2,Tools,4.2,10000000,100,3210,12,314793,4478,1337,487,10,3,6,
2,Card,3.8,50000,92,1260,18,139397,1859,573,216,,7,2,13
2,Casual,3.7,500000,92,2529,9,294293,4920,3115,695,1,3,2,2
2,Media & Video,4.3,10000000,51,1211,12,129167,1753,846,296,,2,5,
2,Health & Fitness,4.4,10000000,50,4903,18,515875,9994,5999,1568,1,4,5,10
2,Media & Video,4.5,500000,92,3038,15,271394,4091,1609,404,1,3,8,17
2,Tools,3.7,100000,50,878,6,108287,2240,1549,231,,1,,10
2,Entertainment,4.2,10000000,92,2498,18,340233,4432,2617,597,,6,,4
2,Photography,4.2,100000,92,1720,9,216824,4009,2711,471,1,1,2,10
2,Tools,4.5,100000000,92,993,3,99621,1342,341,112,1,2,,7
2,Shopping,3.9,1000,92,775,6,91267,1012,505,187,1,3,2,
2,Arcade,4.7,5000000,92,826,6,96795,,,,1,2,5,
2,Tools,3.6,10000,51,238,6,23732,474,252,18,,,1,1
2,Tools,4.3,500000,50,309,9,29208,515,212,42,1,1,2,6
2,Health & Fitness,4.3,10000,51,1158,15,98285,1230,290,115,,4,5,4
2,Puzzle,3.7,10000,51,43,6,16874,41,4,2,,,2,
2,Personalization,4.2,10000,51,110,6,14735,198,54,20,,2,,1
2,Music & Audio,4,100000,51,374,9,38086,,,,,2,2,
2,Casual,4.3,500000,51,605,5048,57796,717,136,53,1,3,,
2,Finance,4.2,10000,50,2126,9,218441,3490,1596,563,1,2,3,4
2,Personalization,4.1,10000,0,31,9,2845,,,,,,2,
2,News & Magazines,3.7,1000,51,6141,15,624513,11673,6881,1828,1,3,2,
2,Photography,4,100000,50,1531,9,139987,2329,1041,379,,1,3,
2,Puzzle,4.1,50000,50,405,5117,43639,529,201,71,,1,2,34
2,Social,4.2,10000000,100,6385,41341,654246,9266,4015,1445,,6,7,2
2,Books & Reference,4.2,10000,51,270,3,27068,,,,4,1,4,
2,Education,4.1,10000,92,1271,6,171845,,,,1,1,2,
2,Tools,3.4,1000,51,2560,18,245052,3538,1836,711,,3,6,9
2,Books & Reference,3.8,5000,92,2756,6,326593,5489,3741,713,1,2,2,
2,Lifestyle,4,10000,51,766,20,100345,1070,374,141,3,1,2,2
2,Entertainment,4.3,10000,100,1428,6,198229,,,,1,3,2,
2,Health & Fitness,3.7,500000,92,262,3,29131,,,,,10,2,
2,Entertainment,3.9,10000,51,113,3,12067,182,53,23,,,,
2,Productivity,4.2,1000,51,197,3,21769,361,196,76,6,1,3,24
2,Tools,4.1,100000,92,311,6,50100,314,88,38,,1,2,
2,Photography,3.9,5000,,80,3,8143,107,6,3,1,1,2,
2,Transportation,4.8,1000,92,701,9,69470,741,99,41,,1,6,4
