RowID,FuzzyRisk,JavaFiles,Jlint,DefectCount,LOC,Jlint/LOC,Defect/LOC,Opriv,Upriv,PrivCount,OprivRatio,UPrivRatio
124866,50,26,4,6,5100,0.07843,0.11765,1,1,5,5,5
4205,92,601,153,9,81175,0.18848,0.01109,0,1,3,0,3
175641,51,1892,506,9,188076,0.26904,0.00479,0,7,5,0,0
170092,50,1129,560,5112,105938,0.52861,4.82546,0,5,6,0,1
145795,92,4919,1095,21,573817,0.19083,0.00366,3,4,16,5,4
48639,50,3163,990,24,333697,0.29668,0.00719,1,4,13,13,3
150645,51,178,66,6,16129,0.4092,0.0372,0,1,3,0,3
163359,92,5662,1225,19,574527,0.21322,0.00331,1,5,5,5,1
18835,51,104,39,6,10147,0.38435,0.05913,0,1,2,0,2
11651,51,78,35,6,7031,0.4978,0.08534,0,2,2,0,1
63932,51,767,184,9,90862,0.2025,0.00991,0,2,4,0,2
91646,51,93,21,6,10025,0.20948,0.05985,0,1,5,0,5
150706,100,3752,616,15,405112,0.15206,0.0037,4,2,19,4,9
9753,50,1712,772,9,295549,0.26121,0.00305,2,1,10,5,10
69917,51,142,63,6,11853,0.53151,0.05062,0,1,3,0,3
145971,51,3862,907,25,392101,0.23132,0.00638,1,5,3,3,0
121079,50,589,101,9,49088,0.20575,0.01833,2,2,18,9,9
149853,92,376,168,6,54055,0.31079,0.0111,0,5,5,0,1
17948,50,889,309,3,124803,0.24759,0.0024,0,1,13,0,13
29540,100,1581,412,12,187052,0.22026,0.00642,0,6,8,0,1
146146,51,898,199,161796,94347,0.21092,171.49035,0,7,6,0,0
72115,100,2100,473,6,263421,0.17956,0.00228,1,5,9,9,1
66598,92,506,652,132241,47188,1.38171,280.24286,1,9,7,7,0
103139,50,2395,535,12,253765,0.21082,0.00473,11,2,27,2,13
142754,51,69,40,3,6694,0.59755,0.04482,0,1,2,0,2
75593,51,619,208,12,64095,0.32452,0.01872,0,6,4,0,0
11341,100,464,212,9,77202,0.2746,0.01166,1,6,5,5,0
12164,50,1010,226,9,102393,0.22072,0.00879,0,0,7,0,0
49994,92,3259,743,12,309038,0.24042,0.00388,0,2,6,0,3
122696,92,4258,1181,15,468155,0.25227,0.0032,0,8,3,0,0
161903,92,1659,544,9,234339,0.23214,0.00384,1,5,5,5,1
5893,51,110,29,5098,12259,0.23656,41.58577,0,1,5,0,5
155941,0,185,35,3,12521,0.27953,0.02396,5,0,9,1,0
158742,51,258,81,6,24115,0.33589,0.02488,0,3,3,0,1
11431,51,97,26,3682,9408,0.27636,39.1369,2,0,4,2,0
11029,51,1866,1088,12,197124,0.55194,0.00609,0,0,4,0,0
31599,92,237,82,6,42336,0.19369,0.01417,1,2,6,6,3
54938,100,6243,2022,18,651954,0.31014,0.00276,2,3,15,7,5
10635,51,70,24,6,5335,0.44986,0.11246,0,1,3,0,3
23387,51,859,168,15,67140,0.25022,0.02234,0,2,4,0,2
6232,50,82,37,3,5953,0.62154,0.05039,2,0,13,6,0
169869,100,1105,284,6,124806,0.22755,0.00481,4,2,10,2,5
125667,50,890,257,3691,72516,0.3544,5.08991,3,1,8,2,8
121607,0,76,50,3,16587,0.30144,0.01809,0,0,2,0,0
31794,51,3137,921,9,335284,0.27469,0.00268,0,1,2,0,2
167671,100,2409,391,6,270179,0.14472,0.00222,8,0,31,3,0
161328,51,1305,491,6,138543,0.3544,0.00433,0,4,7,0,1
58519,51,9,0,6,218,0,2.75229,2,0,2,1,0
140778,0,46,26,6,8627,0.30138,0.06955,1,1,3,3,3
173530,51,205,34,3,20133,0.16888,0.0149,0,1,6,0,6
3715,92,1080,290,6,132800,0.21837,0.00452,0,2,5,0,2
68839,51,24,5,6,1302,0.38402,0.46083,3,0,4,1,0
170366,51,41,21,9,4523,0.46429,0.19898,1,1,4,4,4
52913,92,1596,550,6,235838,0.23321,0.00254,1,2,4,4,2
57662,51,1176,160,15,95896,0.16685,0.01564,1,2,4,4,2
166018,51,612,155,12,60758,0.25511,0.01975,0,5,2,0,0
9969,51,507,206,9,44085,0.46728,0.02042,0,2,4,0,2
20798,100,3376,978,9,371935,0.26295,0.00242,13,3,47,3,15
107026,92,2023,548,12,257999,0.2124,0.00465,0,7,4,0,0
67311,50,1558,636,21,172632,0.36841,0.01216,1,1,9,9,9
27138,92,3234,869,9,446543,0.19461,0.00202,1,1,11,11,11
26637,51,3022,1232,15,345702,0.35638,0.00434,3,0,25,8,0
118970,50,1756,275,6,180675,0.15221,0.00332,6,1,18,3,18
158837,0,3820,993,19,347823,0.28549,0.00546,0,1,1,0,1
32800,51,234,116,6,18245,0.63579,0.03289,0,4,6,0,1
188423,92,3688,1179,35065,287250,0.41044,12.20714,0,10,4,0,0
153152,92,1761,578,18,255283,0.22642,0.00705,0,3,2,0,0
166251,51,263,129,6,23597,0.54668,0.02543,0,7,2,0,0
180951,100,6302,3124,16,888501,0.3516,0.0018,1,4,6,6,1
88389,51,146,64,6,12472,0.51315,0.04811,0,6,3,0,0
13909,92,767,205,6,105316,0.19465,0.0057,1,1,5,5,5
57292,51,1683,603,9,194170,0.31055,0.00464,0,5,11,0,2
154100,51,190,61,3,21592,0.28251,0.01389,0,0,2,0,0
1166,50,1215,372,18,114114,0.32599,0.01577,3,1,16,5,16
130254,50,956,192,6,100216,0.19159,0.00599,2,4,8,4,2
184221,51,2702,774,6,275570,0.28087,0.00218,1,2,6,6,3
155416,50,702,190,6,70201,0.27065,0.00855,0,5,4,0,0
141433,50,3086,1038,3393,332925,0.31178,1.01915,1,0,15,15,0
19963,51,299,100,3384,31418,0.31829,10.7709,0,6,2,0,0
151142,51,832,108,9,117719,0.09174,0.00765,0,1,3,0,3
146353,51,419,144,6,31109,0.46289,0.01929,0,4,2,0,0
30158,92,2014,523,15,235291,0.22228,0.00638,1,9,5,5,0
69553,92,2016,544,16,199836,0.27222,0.00801,1,6,5,5,0
29726,50,2484,540,6,208301,0.25924,0.00288,0,5,6,0,1
77116,100,4615,1351,9,561371,0.24066,0.0016,0,4,13,0,3
187745,51,569,146,9,51038,0.28606,0.01763,0,1,2,0,2
142846,51,435,95,9,36944,0.25715,0.02436,0,2,4,0,2
143173,51,316,94,6,22941,0.40975,0.02615,0,4,5,0,1
81419,0,133,47,6,10400,0.45192,0.05769,2,0,3,1,0
141265,86,6512,1057,13,467575,0.22606,0.00278,10,2,46,4,23
68219,0,33,1,6,2201,0.04543,0.2726,2,2,3,1,1
152281,51,78,27,6,8230,0.32807,0.0729,0,1,2,0,2
13055,51,162,47,3679,29473,0.15947,12.48261,0,1,3,0,3
137923,50,2974,870,12,403551,0.21559,0.00297,6,2,21,3,10
161671,51,964,216,9,87955,0.24558,0.01023,2,1,12,6,12
147370,92,3999,1052,18,348061,0.30225,0.00517,1,3,6,6,2
138158,100,4231,1373,21,408514,0.3361,0.00514,0,18,34,0,1
136555,50,556,158,6,48007,0.32912,0.0125,0,3,7,0,2
228,51,536,145,6,52437,0.27652,0.01144,1,3,4,4,1
69632,51,258,66,9,30922,0.21344,0.02911,0,2,4,0,2
29425,100,3673,1229,18,377280,0.32575,0.00477,0,5,12,0,2
124067,51,1303,1252,15,284404,0.44022,0.00527,0,11,3,0,0
165677,51,278,151,6,26072,0.57917,0.02301,0,5,3,0,0
179072,100,5450,1536,15,671166,0.22886,0.00223,0,10,12,0,1
68195,50,146,71,9,18488,0.38403,0.04868,0,1,7,0,7
52428,50,224,33,6,22149,0.14899,0.02709,10,1,18,1,18
124795,92,849,297,15,108222,0.27444,0.01386,1,1,6,6,6
145525,51,575,126,9,55273,0.22796,0.01628,1,2,3,3,1
131671,51,2637,719,9,243133,0.29572,0.0037,0,4,5,0,1
159,51,874,182,6,77946,0.23349,0.0077,1,4,5,5,1
27595,92,1459,468,12,165378,0.28299,0.00726,0,1,6,0,6
128270,51,1029,223,6,88073,0.2532,0.00681,0,3,5,0,1
56086,51,19,0,6,3816,0,0.15723,1,0,6,6,0
169370,51,205,70,3,21120,0.33144,0.0142,0,1,4,0,4
161709,51,378,165,9,29732,0.55496,0.03027,0,4,9,0,2
162557,92,1095,482,15,141090,0.34163,0.01063,4,1,11,2,11
16829,51,200,35,6,14598,0.23976,0.0411,1,1,5,5,5
174807,86,6512,1057,13,467575,0.22606,0.00278,10,2,46,4,23
184445,50,122,32,6,10556,0.30315,0.05684,5,0,11,2,0
27238,92,1115,157,6,168255,0.09331,0.00357,2,1,8,4,8
142385,92,220,83,3,42579,0.19493,0.00705,1,1,3,3,3
146583,50,2800,732,12,277173,0.26409,0.00433,3,2,9,3,4
101636,51,36,7,6,2247,0.31153,0.26702,1,0,5,5,0
19086,51,141,74,12,16765,0.4414,0.07158,2,0,8,4,0
158491,51,126,25,9,12430,0.20113,0.07241,0,2,2,0,1
179445,92,4194,1145,15,458684,0.24963,0.00327,0,6,6,0,1
2787,51,79,33,6,7865,0.41958,0.07629,0,2,2,0,1
19888,92,250,83,9,46431,0.17876,0.01938,1,2,4,4,2
164918,51,247,77,6,25845,0.29793,0.02322,0,4,3,0,0
1692,0,27,4,6,1342,0.29806,0.44709,0,1,1,0,1
22786,92,1882,611,9,272116,0.22454,0.00331,0,3,4,0,1
142850,51,515,211,12,42775,0.49328,0.02805,1,4,4,4,1
12130,51,489,125,6,51949,0.24062,0.01155,0,6,3,0,0
128158,80,5053,1098,18,608251,0.18052,0.00296,12,4,26,2,6
106213,51,535,148,6,41685,0.35504,0.01439,1,1,5,5,5
125764,51,457,160,3,52654,0.30387,0.0057,0,3,6,0,2
7186,51,887,271,6,78304,0.34609,0.00766,0,3,6,0,2
4609,51,89,40,3466,6552,0.6105,52.89988,0,0,5,0,0
122724,51,368,84,6,31639,0.2655,0.01896,0,1,2,0,2
150613,51,215,97,6,26381,0.36769,0.02274,1,2,2,2,1
55004,100,265,119,3,45067,0.26405,0.00666,3,2,7,2,3
19889,100,1454,355,9,197773,0.1795,0.00455,3,1,12,4,12
65948,50,1692,654,12,171609,0.3811,0.00699,2,1,15,7,15
153300,51,54,25,6,5548,0.45061,0.10815,3,1,8,2,8
154437,92,2591,428,9,320019,0.13374,0.00281,0,10,3,0,0
27819,51,1144,122,9,79831,0.15282,0.01127,0,4,2,0,0
163524,100,1211,348,15,139166,0.25006,0.01078,2,6,11,5,1
154669,51,73,21,6,5443,0.38582,0.11023,0,0,5,0,0
91987,50,1768,645,6,184423,0.34974,0.00325,0,3,9,0,3
135090,51,2588,761,9,274688,0.27704,0.00328,3,2,21,7,10
56037,50,566,138,9,50299,0.27436,0.01789,0,1,11,0,11
18454,92,1205,234,9,114585,0.20422,0.00785,0,9,5,0,0
20800,51,499,167,6,47406,0.35228,0.01266,0,6,6,0,1
67017,50,1447,262,6,166978,0.15691,0.00359,1,2,6,6,3
30610,51,1890,572,6,220109,0.25987,0.00273,0,4,5,0,1
111584,92,3569,1150,21,311841,0.36878,0.00673,1,3,7,7,2
79966,92,1194,321,6,114900,0.27937,0.00522,0,1,5,0,5
65968,50,2726,771,18,277687,0.27765,0.00648,3,4,16,5,4
128558,51,868,237,15,96885,0.24462,0.01548,0,6,4,0,0
119615,51,311,49,6,27461,0.17843,0.02185,2,2,5,2,2
146701,92,607,150,6,80332,0.18673,0.00747,0,2,2,0,1
71586,51,254,82,6,27161,0.3019,0.02209,3,2,11,3,5
144075,51,1011,347,18,105262,0.32965,0.0171,1,2,9,9,4
61030,91,4477,1237,84,571198,0.21656,0.01471,5,2,22,4,11
146735,51,183,67,9,15432,0.43416,0.05832,1,2,6,6,3
12886,51,83,21,5114,7547,0.27826,67.76202,0,0,3,0,0
147946,50,2361,782,12,257784,0.30335,0.00466,0,13,11,0,0
150304,51,1501,399,18,158159,0.25228,0.01138,2,0,22,11,0
144316,52,768,259,6,64651,0.40061,0.00928,5,5,18,3,3
142121,51,3081,910,15,328475,0.27704,0.00457,1,6,7,7,1
137269,85,5526,1565,15,678137,0.23078,0.00221,6,3,25,4,8
144054,92,559,141,6,73110,0.19286,0.00821,0,1,4,0,4
151940,92,3279,1068,9,426992,0.25012,0.00211,0,6,5,0,0
20079,51,951,331,15,106769,0.31002,0.01405,0,1,7,0,7
147068,92,279,114,9,32169,0.35438,0.02798,0,2,4,0,2
160749,100,1872,606,6832,219505,0.27608,3.11246,1,0,16,16,0
147105,92,750,197,6,76926,0.25609,0.0078,2,5,14,7,2
8890,92,4492,1065,12,357779,0.29767,0.00335,1,2,11,11,5
51937,83,1706,491,196731,160465,0.30599,122.60057,9,3,28,3,9
30147,51,213,80,9,25569,0.31288,0.0352,0,3,4,0,1
4755,51,348,83,3,25825,0.32139,0.01162,0,0,5,0,0
120797,92,3211,869,41335,343714,0.25283,12.02599,2,7,7,3,1
145076,51,185,74,3679,16311,0.45368,22.55533,1,0,5,5,0
156725,100,1929,532,232436,138215,0.38491,168.16988,2,1,12,6,12
4102,51,77,22,6,5147,0.42743,0.11657,0,0,4,0,0
117543,92,1439,380,9,160859,0.23623,0.00559,0,4,4,0,1
165,92,721,178,9,90471,0.19675,0.00995,0,3,5,0,1
138662,51,235,104,6,25752,0.40385,0.0233,5,5,10,2,2
13710,51,1394,288,12,130922,0.21998,0.00917,6,1,15,2,15
169957,51,274,53,6,23623,0.22436,0.0254,1,2,3,3,1
53303,50,892,281,15,96983,0.28974,0.01547,1,0,8,8,0
10743,50,683,169,12,59743,0.28288,0.02009,1,0,11,11,0
137920,51,3731,915,15,417936,0.21893,0.00359,1,8,9,9,1
5357,51,2640,722,9,243347,0.2967,0.0037,0,4,5,0,1
71202,51,254,82,6,27161,0.3019,0.02209,3,2,11,3,5
91789,92,5102,993,13,527289,0.18832,0.00247,2,1,11,5,11
172738,51,124,38,6,11009,0.34517,0.0545,0,1,3,0,3
156063,92,1372,219,6,109844,0.19937,0.00546,0,2,3,0,1
94832,51,72,27,13716,6928,0.38972,197.97921,1,0,5,5,0
118149,51,160,69,6,10068,0.68534,0.05959,0,1,4,0,4
187916,92,2624,615,15,275768,0.22301,0.00544,0,7,3,0,0
17632,92,250,102,6,43746,0.23316,0.01372,0,3,2,0,0
125694,51,193,69,12,16538,0.41722,0.07256,0,1,2,0,2
6763,51,70,24,6,5330,0.45028,0.11257,0,1,3,0,3
141096,51,293,132,6,24462,0.53961,0.02453,1,3,8,8,2
29676,51,608,164,9,68416,0.23971,0.01315,2,2,5,2,2
8762,51,541,136,9,55681,0.24425,0.01616,1,1,9,9,9
168640,51,2127,720,9,282433,0.25493,0.00319,0,6,3,0,0
4575,51,75,37,12,11541,0.3206,0.10398,0,3,4,0,1
132398,86,4352,1287,12,447228,0.28777,0.00268,10,5,35,3,7
123633,51,926,290,12,89235,0.32498,0.01345,1,2,8,8,4
160002,100,1450,493,6,183603,0.26851,0.00327,3,2,15,5,7
120058,51,71,20,5111,7600,0.26316,67.25,1,1,3,3,3
137133,92,1163,153,9,97898,0.15629,0.00919,5,0,16,3,0
22779,83,7360,1806,172793,714002,0.25294,24.20063,2,2,23,11,11
429,51,109,27,5114,11059,0.24415,46.24288,0,0,3,0,0
80987,92,2038,522,330543,168784,0.30927,195.83788,2,4,7,3,1
165736,92,726,170,6,89141,0.19071,0.00673,4,2,7,1,3
182627,0,14,2,3,761,0.26281,0.39422,1,0,3,3,0
139404,51,78,29,5095,7336,0.39531,69.45202,1,0,5,5,0
20013,95,3849,843,9,422671,0.19945,0.00213,1,2,15,15,7
17778,51,709,362,6,66725,0.54253,0.00899,0,1,5,0,5
30880,51,64,10,6,6111,0.16364,0.09818,0,0,2,0,0
28231,50,523,212,12,57217,0.37052,0.02097,3,0,13,4,0
16241,92,2640,748,47,304006,0.24605,0.01546,6,1,11,1,11
125955,51,74,32,6,7771,0.41179,0.07721,1,1,3,3,3
167624,100,2498,494,6,303847,0.16258,0.00197,1,3,12,12,4
6004,50,143,20,6,10850,0.18433,0.0553,0,0,5,0,0
151343,92,4260,798,21,442374,0.18039,0.00475,0,7,2,0,0
58497,51,9,0,6,232,0,2.58621,0,0,1,0,0
64431,92,679,228,6,71995,0.31669,0.00833,0,1,8,0,8
144666,92,778,238,6,97688,0.24363,0.00614,0,3,3,0,1
20400,51,955,319,12,97346,0.3277,0.01233,0,4,7,0,1
165757,51,875,185,9,78399,0.23597,0.01148,0,2,3,0,1
138496,95,6535,1657,15,766541,0.21617,0.00196,3,7,18,6,2
143714,92,896,155,9,83676,0.18524,0.01076,0,1,1,0,1
56464,50,2282,874,12,251343,0.34773,0.00477,4,1,17,4,17
123452,50,2703,649,41339,245060,0.26483,16.86893,1,5,9,9,1
5664,51,608,246,6,56269,0.43719,0.01066,0,4,8,0,2
13050,0,682,281,9,109821,0.25587,0.0082,8,1,14,1,14
6089,51,20,4,3,719,0.55633,0.41725,0,0,1,0,0
30314,92,2583,454,9,301133,0.15076,0.00299,0,2,2,0,1
16965,100,5358,1348,546,583902,0.23086,0.09351,2,4,12,6,3
19861,50,2001,674,12,227006,0.29691,0.00529,20,2,44,2,22
162337,100,3202,867,21,306714,0.28267,0.00685,0,3,12,0,4
5172,51,1386,316,12,117734,0.2684,0.01019,1,1,15,15,15
89667,92,5456,1358,12,509842,0.26636,0.00235,1,2,12,12,6
143144,0,76,1,6,2411,0.04148,0.24886,0,3,4,0,1
118035,51,142,43,6,15045,0.28581,0.03988,0,1,7,0,7
123813,51,34,1,6,2086,0.04794,0.28763,0,0,3,0,0
13011,51,312,97,5120,35550,0.27286,14.40225,0,0,3,0,0
171980,51,301,145,3679,40380,0.35909,9.11095,0,5,5,0,1
156270,51,74,34,350,8522,0.39897,4.10702,2,5,7,3,1
91908,92,1008,123,6,85760,0.14342,0.007,2,1,7,3,7
134942,0,39,4,3,2900,0.13793,0.10345,0,0,1,0,0
173170,51,660,151,9,58535,0.25797,0.01538,0,1,2,0,2
151396,50,47,0,3,1947,0,0.15408,9,0,11,1,0
134872,51,453,101,6,42797,0.236,0.01402,0,1,7,0,7
54453,92,1901,344,6,234423,0.14674,0.00256,3,2,6,2,3
29216,51,5121,1546,12,536809,0.288,0.00224,0,3,3,0,1
146017,51,156,84,3,19408,0.43281,0.01546,0,1,1,0,1
17925,50,1592,542,15,181561,0.29852,0.00826,1,7,13,13,1
138451,50,1522,618,9,152109,0.40629,0.00592,3,4,14,4,3
136127,50,5173,1014,12,449767,0.22545,0.00267,5,3,15,3,5
172793,51,525,206,9,47760,0.43132,0.01884,3,5,12,4,2
139838,92,947,214,9,126534,0.16912,0.00711,2,3,4,2,1
91324,51,723,175,6,80632,0.21704,0.00744,0,2,4,0,2
30306,92,453,129,6,62082,0.20779,0.00966,0,7,2,0,0
13172,100,2890,716,9,378696,0.18907,0.00238,1,4,10,10,2
183649,100,975,253,9,117209,0.21585,0.00768,0,1,10,0,10
122928,51,328,48,6,29202,0.16437,0.02055,1,1,7,7,7
66610,51,58,17,3,6864,0.24767,0.04371,0,0,1,0,0
150126,51,354,152,9,35780,0.42482,0.02515,2,0,12,6,0
2862,51,6500,1760,2131,610260,0.2884,0.3492,8,0,16,2,0
148038,50,1235,309,6,118793,0.26012,0.00505,0,2,8,0,4
68614,51,2692,902,15,262308,0.34387,0.00572,0,1,8,0,8
170755,51,261,81,6,22921,0.35339,0.02618,0,1,2,0,2
6241,51,294,96,3,31758,0.30229,0.00945,0,1,4,0,4
18712,51,1280,438,18,142127,0.30818,0.01266,0,5,5,0,1
19104,50,332,70,6,27085,0.25845,0.02215,0,1,10,0,10
147444,92,2504,485,6,293592,0.1652,0.00204,0,1,3,0,3
4114,53,56,18,3,3908,0.46059,0.07677,25,0,29,1,0
75037,51,421,112,9,44462,0.2519,0.02024,2,4,6,3,1
4236,92,242,79,9,24803,0.31851,0.03629,0,6,7,0,1
158194,51,609,135,12,96536,0.13984,0.01243,0,1,4,0,4
13091,92,772,381,9,152107,0.25048,0.00592,0,1,6,0,6
155008,92,1916,758,9,289402,0.26192,0.00311,1,3,9,9,3
164641,92,4006,691,9,434513,0.15903,0.00207,0,6,4,0,0
143514,51,1392,385,6,344548,0.11174,0.00174,4,2,26,6,13
168024,51,3518,833,28,315288,0.2642,0.00888,0,8,4,0,0
182060,51,963,212,9,94667,0.22394,0.00951,0,6,3,0,0
173019,50,1960,568,9,156701,0.36247,0.00574,2,5,12,6,2
73223,50,125,76,9,18563,0.40942,0.04848,2,1,5,2,5
162002,0,233,72,6,18582,0.38747,0.03229,2,3,2,1,0
31601,51,187,43,3354,15429,0.2787,21.73829,2,1,4,2,4
68514,51,1910,433,12,223044,0.19413,0.00538,0,6,6,0,1
13734,86,6512,1057,13,467575,0.22606,0.00278,10,2,46,4,23
142442,92,1934,363,9,236634,0.1534,0.0038,0,2,3,0,1
135367,50,925,180,15,86076,0.20912,0.01743,0,15,19,0,1
53589,92,2099,510,9,211719,0.24089,0.00425,0,11,3,0,0
123115,51,1217,393,12,130874,0.30029,0.00917,0,2,2,0,1
90975,92,2424,634,22,286459,0.22132,0.00768,0,5,8,0,1
137827,92,3360,1053,24,375575,0.28037,0.00639,0,10,6,0,0
124715,92,4008,885,9,436462,0.20277,0.00206,0,6,2,0,0
168047,51,1408,1256,15,309809,0.40541,0.00484,0,9,2,0,0
103387,51,1391,406,9,134946,0.30086,0.00667,4,2,15,3,7
18434,50,215,80,9,33258,0.24054,0.02706,1,3,8,8,2
55243,51,893,230,9,80233,0.28667,0.01122,2,2,6,3,3
50815,51,1303,1252,15,284572,0.43996,0.00527,0,11,3,0,0
140262,92,2591,428,9,320019,0.13374,0.00281,0,10,3,0,0
13849,51,3031,757,18,264229,0.28649,0.00681,2,2,8,4,4
151576,51,1967,637,12,194001,0.32835,0.00619,5,2,18,3,9
134417,100,2444,557,6,183716,0.30319,0.00327,14,4,38,2,9
6223,50,493,221,6,59864,0.36917,0.01002,0,1,9,0,9
20328,92,635,235,12,90085,0.26086,0.01332,0,7,5,0,0
170613,100,3747,1215,12,401428,0.30267,0.00299,3,1,15,5,15
29426,51,550,96,6,53625,0.17902,0.01119,1,3,5,5,1
156377,51,656,165,5114,80036,0.20616,6.38962,1,1,4,4,4
169261,51,1279,256,9,107532,0.23807,0.00837,0,1,6,0,6
149568,51,766,326,9,73022,0.44644,0.01233,0,2,5,0,2
18010,51,3520,880,15,288918,0.30458,0.00519,0,2,13,0,6
183857,51,1148,302,12,101276,0.2982,0.01185,1,1,7,7,7
155194,92,914,369,6,125120,0.29492,0.0048,0,7,4,0,0
119283,51,605,148,6,55270,0.26778,0.01086,1,1,6,6,6
140602,92,2151,408,12,259623,0.15715,0.00462,0,3,5,0,1
128587,100,4764,994,18,518876,0.19157,0.00347,0,1,12,0,12
144578,92,4871,1262,12,611792,0.20628,0.00196,1,2,10,10,5
3782,51,765,223,6,83436,0.26727,0.00719,0,2,4,0,2
179151,92,369,122,6,35046,0.34811,0.01712,0,7,5,0,0
17847,92,1895,510,6,295190,0.17277,0.00203,1,4,4,4,1
127066,92,4079,830,12,448410,0.1851,0.00268,0,5,7,0,1
55046,92,919,262,9,82909,0.31601,0.01086,5,0,21,4,0
23528,92,2956,762,12,409215,0.18621,0.00293,0,5,2,0,0
91415,51,1915,672,4356,189130,0.35531,2.30318,3,3,17,5,5
66683,0,81,36,6,6315,0.57007,0.09501,1,3,1,1,0
69211,92,622,375,6,103152,0.36354,0.00582,0,1,3,0,3
2718,51,432,129,6,33698,0.38281,0.01781,0,0,8,0,0
21234,100,2654,871,9,232370,0.37483,0.00387,19,1,55,2,55
30503,51,1234,515,18,126694,0.40649,0.01421,3,1,11,3,11
31279,86,5649,1101,18,471627,0.23345,0.00382,7,0,31,4,0
155030,0,240,100,3,17938,0.55748,0.01672,0,1,1,0,1
177671,92,2280,414,6,269911,0.15338,0.00222,0,2,3,0,1
169580,0,62,22,6,4641,0.47404,0.12928,1,0,2,2,0
10993,51,75,24,3,6913,0.34717,0.0434,1,2,4,4,2
140642,51,228,81,3,23436,0.34562,0.0128,1,1,8,8,8
3,0,30,10,3,5210,0.19194,0.05758,0,1,1,0,1
10968,51,107,24,3,8142,0.29477,0.03685,0,1,1,0,1
124226,50,300,104,12,29240,0.35568,0.04104,3,0,9,3,0
153358,50,894,281,15,97309,0.28877,0.01541,1,0,9,9,0
143049,92,2151,433,12,266814,0.16229,0.0045,3,2,8,2,4
147463,51,798,305,18,90265,0.33789,0.01994,0,6,4,0,0
145088,92,262,91,9,33948,0.26806,0.02651,0,1,3,0,3
81560,92,1787,250,9,157879,0.15835,0.0057,1,1,4,4,4
19455,92,208,59,6,22506,0.26215,0.02666,0,7,5,0,0
11677,51,75,32,9,7343,0.43579,0.12257,1,1,3,3,3
140553,51,226,72,5117,23218,0.3101,22.03894,1,1,4,4,4
13013,51,1900,585,6,188906,0.30968,0.00318,0,3,11,0,3
6834,92,1102,277,9,134594,0.2058,0.00669,3,1,5,1,5
164124,50,187,95,3,34120,0.27843,0.00879,2,0,6,3,0
54970,92,464,119,9,43693,0.27235,0.0206,3,1,13,4,13
138866,51,361,298,10,63569,0.46878,0.01573,4,3,7,1,2
148073,51,199,60,9,17800,0.33708,0.05056,1,1,6,6,6
150415,100,4391,1225,37964,446424,0.2744,8.50402,1,5,16,16,3
154863,51,328,54,6,30604,0.17645,0.01961,1,1,2,2,2
121733,92,69,10,9,7103,0.14079,0.12671,0,3,2,0,0
147066,92,1605,550,9,223078,0.24655,0.00403,0,4,4,0,1
53374,92,4254,1180,15,466978,0.25269,0.00321,0,8,3,0,0
160687,92,1895,343,9,162441,0.21115,0.00554,0,2,8,0,4
160921,92,2263,625,15,288312,0.21678,0.0052,7,0,11,1,0
139913,51,59,172,3,25254,0.68108,0.01188,7,2,11,1,5
12204,50,5636,1461,16,564403,0.25886,0.00283,3,2,10,3,5
157982,92,2850,537,9,340470,0.15772,0.00264,0,6,2,0,0
163972,100,2052,676,15,234876,0.28781,0.00639,0,1,10,0,10
58203,0,59,11,6,3260,0.33742,0.18405,1,0,3,3,0
141898,50,128,61,3,13492,0.45212,0.02224,1,0,5,5,0
5565,51,474,96,6,42901,0.22377,0.01399,0,3,8,0,2
140555,100,3614,679,6,383401,0.1771,0.00156,1,2,9,9,4
125175,51,1034,243,12,93913,0.25875,0.01278,0,3,6,0,2
28381,92,2618,545,9,304297,0.1791,0.00296,0,6,5,0,0
122187,51,760,198,9,85185,0.23244,0.01057,1,2,5,5,2
127796,51,77,24,5114,7510,0.31957,68.09587,0,0,2,0,0
82069,92,3545,1007,9,446212,0.22568,0.00202,0,1,12,0,12
140266,50,560,170,12,58299,0.2916,0.02058,7,0,19,2,0
4694,51,44,15,9,3124,0.48015,0.28809,1,0,2,2,0
30324,51,254,102,9,24905,0.40956,0.03614,0,6,2,0,0
17722,92,1276,479,9,157882,0.30339,0.0057,1,3,10,10,3
90271,51,1164,329,9,118494,0.27765,0.0076,7,1,17,2,17
122876,51,784,240,6,69820,0.34374,0.00859,0,3,4,0,1
18695,92,2626,930,18,369695,0.25156,0.00487,0,7,3,0,0
121876,50,3707,711,21,410937,0.17302,0.00511,0,10,18,0,1
27589,51,378,66,6,34105,0.19352,0.01759,0,3,1,0,0
167857,51,501,113,12,46777,0.24157,0.02565,0,2,2,0,1
26553,52,2171,468,339798,199586,0.23449,170.25142,5,2,21,4,10
31890,92,1072,476,6,190825,0.24944,0.00314,0,2,2,0,1
173023,51,2761,680,9,229414,0.29641,0.00392,0,2,6,0,3
149161,51,652,186,5098,64910,0.28655,7.85395,1,2,4,4,2
30141,51,617,171,6,68147,0.25093,0.0088,0,1,2,0,2
30547,100,2701,1023,12,370414,0.27618,0.00324,4,2,11,2,5
107299,51,878,239,6,80613,0.29648,0.00744,0,2,4,0,2
69932,51,484,202,6,37946,0.53234,0.01581,0,5,6,0,1
125973,92,256,99,6,43924,0.22539,0.01366,0,1,3,0,3
138083,51,391,101,5117,35740,0.2826,14.31729,3,2,8,2,4
30694,51,24,2,3,1646,0.12151,0.18226,0,1,2,0,2
157125,92,168,50,6,18841,0.26538,0.03185,0,8,4,0,0
82797,100,4521,1134,15,358165,0.31661,0.00419,4,2,17,4,8
140825,50,13,0,6,1707,0,0.35149,2,0,2,1,0
166446,51,358,70,6,34274,0.20424,0.01751,0,4,3,0,0
53181,51,76,17,3,5276,0.32221,0.05686,2,1,6,3,6
17550,100,152,31,5114,14237,0.21774,35.92049,5,0,10,2,0
133851,50,86,41,6,10204,0.4018,0.0588,3,2,11,3,5
184274,92,980,256,6,89856,0.2849,0.00668,1,3,4,4,1
149053,51,351,100,9,30704,0.32569,0.02931,2,1,4,2,4
16265,92,3703,620,12,428222,0.14478,0.0028,0,3,2,0,0
156295,51,133,66,9,16431,0.40168,0.05477,0,1,2,0,2
149454,51,208,41,3,19656,0.20859,0.01526,0,1,2,0,2
63417,51,264,60,3354,21739,0.276,15.42849,1,1,4,4,4
143515,92,2592,868,41335,264458,0.32822,15.63008,1,8,6,6,0
28554,100,629,137,6,47866,0.28622,0.01253,3,1,9,3,9
10964,51,61,25,5095,6165,0.40552,82.64396,0,0,2,0,0
10388,51,94,37,5111,11382,0.32507,44.90423,0,2,3,0,1
140063,50,3054,910,6,318046,0.28612,0.00189,14,3,31,2,10
5153,51,1804,379,20,163521,0.23177,0.01223,1,3,4,4,1
134135,50,465,227,3,53250,0.42629,0.00563,1,2,7,7,3
31557,51,375,123,3,27926,0.44045,0.01074,0,5,5,0,1
153316,51,1866,1088,12,197124,0.55194,0.00609,0,0,4,0,0
16029,92,2738,733,12,399858,0.18332,0.003,2,4,13,6,3
20169,50,1188,315,6,115699,0.27226,0.00519,1,4,8,8,2
32826,50,925,292,12,71400,0.40896,0.01681,3,0,16,5,0
20111,92,2487,460,12,305910,0.15037,0.00392,0,1,5,0,5
90128,92,4971,1215,12,623960,0.19472,0.00192,0,3,4,0,1
140199,51,2000,470,15,247849,0.18963,0.00605,6,1,17,2,17
155599,51,2365,1110,10,307381,0.36112,0.00325,0,2,9,0,4
16912,92,1287,468,12,206340,0.22681,0.00582,1,3,4,4,1
138032,50,385,116,12,39901,0.29072,0.03007,2,0,9,4,0
156531,51,39,18,9,3108,0.57915,0.28958,0,0,3,0,0
48803,51,792,107,3685,61042,0.17529,6.03683,1,3,5,5,1
169978,51,597,169,9,60827,0.27784,0.0148,0,4,6,0,1
147197,51,39,5,6,2533,0.19739,0.23687,0,0,1,0,0
148579,50,1096,324,12,115792,0.27981,0.01036,2,2,17,8,8
29516,92,1069,378,9,148442,0.25464,0.00606,0,4,5,0,1
106587,92,1872,269,9,240508,0.11185,0.00374,1,2,6,6,3
150257,85,6350,1973,19,518802,0.3803,0.00366,2,2,27,13,13
16969,100,2896,402,6,290160,0.13854,0.00207,1,3,8,8,2
148947,92,1622,355,9,151072,0.23499,0.00596,0,9,8,0,0
154448,51,1314,1236,15,287656,0.42968,0.00521,0,11,3,0,0
170631,51,577,100,6,54369,0.18393,0.01104,0,1,1,0,1
70638,53,932,265,9,122347,0.2166,0.00736,6,1,23,3,23
179357,51,197,68,6,21960,0.30965,0.02732,0,1,4,0,4
9824,92,1336,506,6,207455,0.24391,0.00289,0,4,2,0,0
144707,21,112,24,3,10397,0.23084,0.02885,8,2,22,2,11
127387,51,336,460,3,46721,0.98457,0.00642,2,0,9,4,0
20632,50,3846,1072,9,373744,0.28683,0.00241,3,2,16,5,8
75353,100,2072,685,12,252577,0.2712,0.00475,4,2,16,4,8
13512,50,352,107,12,33000,0.32424,0.03636,2,3,7,3,2
18856,51,668,183,9,74716,0.24493,0.01205,0,2,4,0,2
16732,92,3330,805,9,369376,0.21794,0.00244,0,2,6,0,3
13513,50,939,223,12,83957,0.26561,0.01429,0,4,6,0,1
23382,51,1442,495,12,162931,0.30381,0.00737,6,3,16,2,5
20177,51,2933,1102,15,382857,0.28784,0.00392,0,1,8,0,8
30844,51,1848,624,21,182418,0.34207,0.01151,0,2,7,0,3
71198,51,254,82,6,27161,0.3019,0.02209,3,2,11,3,5
157833,51,448,103,12,40148,0.25655,0.02989,0,1,2,0,2
12131,52,364,298,2161,31837,0.93602,6.7877,7,0,25,3,0
31690,92,2151,408,12,259623,0.15715,0.00462,0,3,5,0,1
168393,50,2353,530,15,231688,0.22876,0.00647,2,3,12,6,4
135345,83,1706,491,196731,160465,0.30599,122.60057,9,3,28,3,9
161008,51,1424,253,12,139207,0.18174,0.00862,1,5,3,3,0
122737,50,1890,565,15,192294,0.29382,0.0078,1,1,12,12,12
21787,50,3638,973,9,417051,0.2333,0.00216,10,4,36,3,9
13463,0,307,50,6,27130,0.1843,0.02212,0,3,2,0,0
105328,100,2833,675,12,255249,0.26445,0.0047,14,1,18,1,18
134939,51,1065,258,12,89215,0.28919,0.01345,5,2,16,3,8
141502,92,1119,290,12,138382,0.20956,0.00867,0,3,2,0,0
142495,51,153,26,6,16292,0.15959,0.03683,1,0,7,7,0
3845,51,574,160,12,55626,0.28764,0.02157,0,2,3,0,1
646,51,53,14,6,3723,0.37604,0.16116,0,0,1,0,0
53491,92,4646,1005,9,508467,0.19765,0.00177,0,3,6,0,2
12697,92,540,149,6,71775,0.20759,0.00836,1,1,8,8,8
123907,50,995,183,9,72119,0.25375,0.01248,1,3,11,11,3
3414,51,139,25,6,17165,0.14565,0.03495,1,1,5,5,5
97506,50,3773,1079,21,388227,0.27793,0.00541,5,5,21,4,4
18138,50,889,309,3,124803,0.24759,0.0024,0,1,13,0,13
7025,92,1137,306,9,103896,0.29453,0.00866,0,3,4,0,1
101757,51,739,156,6,79404,0.19646,0.00756,0,3,2,0,0
51665,51,2811,618,12,221201,0.27938,0.00542,1,3,5,5,1
55524,51,2505,553,18,227873,0.24268,0.0079,1,2,11,11,5
91151,95,5995,1236,6,644980,0.19163,0.00093,5,1,22,4,22
118455,51,521,114,6,46221,0.24664,0.01298,0,1,2,0,2
67518,50,801,172,6,73783,0.23312,0.00813,1,2,7,7,3
48768,51,894,154,3682,74111,0.2078,4.96822,1,3,6,6,2
134572,100,6494,2000,38019,660998,0.30257,5.75176,15,1,19,1,19
118321,51,374,141,9,38086,0.37021,0.02363,0,2,5,0,2
48082,100,978,271,9,125738,0.21553,0.00716,3,0,13,4,0
94530,51,881,205,6,71842,0.28535,0.00835,0,2,6,0,3
128224,51,99,24,4955,8996,0.26679,55.08004,0,0,3,0,0
20909,0,202,90,3,22048,0.4082,0.01361,6,1,7,1,7
82771,92,4772,906,15,529261,0.17118,0.00283,1,2,8,8,4
183326,92,4262,790,12,459839,0.1718,0.00261,0,7,8,0,1
19802,92,3957,868,6,469829,0.18475,0.00128,0,5,2,0,0
168747,51,2524,864,6,274499,0.31476,0.00219,3,2,21,7,10
68939,51,36,8,3,4407,0.18153,0.06807,0,0,2,0,0
127946,51,79,12,3,11009,0.109,0.02725,0,0,3,0,0
13825,91,902,706,166828,160657,0.43945,103.8411,4,3,16,4,5
13030,51,1303,1252,15,284398,0.44023,0.00527,0,11,3,0,0
161659,51,64,9,3,6763,0.13308,0.04436,0,2,2,0,1
140749,51,1787,364,15,187797,0.19383,0.00799,2,3,16,8,5
13785,51,1594,648,9,198689,0.32614,0.00453,0,1,13,0,13
20471,0,142,22,12,12873,0.1709,0.09322,0,0,3,0,0
179795,51,1900,788,12,272205,0.28949,0.00441,0,0,2,0,0
29211,51,1645,580,12,231377,0.25067,0.00519,1,1,9,9,9
16380,51,519,136,9,51141,0.26593,0.0176,0,2,3,0,1
53826,50,1972,581,12,184814,0.31437,0.00649,3,1,18,6,18
695,100,798,263,6,110236,0.23858,0.00544,1,3,11,11,3
153209,51,382,87,9,36946,0.23548,0.02436,0,6,2,0,0
159509,92,2605,500,6,312165,0.16017,0.00192,1,3,5,5,1
63387,92,542,137,6,71095,0.1927,0.00844,2,3,6,3,2
154967,51,1108,258,9,85755,0.30086,0.0105,0,3,3,0,1
135927,92,759,238,9,84324,0.28224,0.01067,0,1,2,0,2
146418,51,39,8,6,2756,0.29028,0.21771,1,0,3,3,0
139878,51,134,36,5095,15715,0.22908,32.42125,0,0,2,0,0
66426,50,439,100,5058,51597,0.19381,9.8029,4,4,14,3,3
159244,51,345,57,10,35468,0.16071,0.02819,0,1,3,0,3
140085,92,495,137,9,67417,0.20321,0.01335,0,1,6,0,6
137994,92,1233,470,63673,119845,0.39217,53.12946,0,2,7,0,3
13087,92,407,122,6,58927,0.20704,0.01018,0,5,2,0,0
169950,51,715,202,21,66436,0.30405,0.03161,0,2,4,0,2
147016,51,597,86,6,54365,0.15819,0.01104,0,3,2,0,0
68065,51,1298,484,12,131374,0.36841,0.00913,0,9,3,0,0
6755,50,135,2,18,8022,0.02493,0.22438,3,1,4,1,4
71781,51,37,9,6,2814,0.31983,0.21322,1,1,3,3,3
132689,51,1000,311,9,109085,0.2851,0.00825,1,1,9,9,9
5417,92,536,134,6,70872,0.18907,0.00847,0,2,3,0,1
75316,92,1275,127,6,172209,0.07375,0.00348,0,1,2,0,2
71240,50,542,156,6,47400,0.32911,0.01266,0,3,7,0,2
53366,92,3325,782,12,397472,0.19674,0.00302,0,5,5,0,1
27252,100,1448,602,6,183233,0.32854,0.00327,0,3,6,0,2
17669,92,2725,598,9,319606,0.18711,0.00282,1,9,4,4,0
30704,51,591,238,15,60562,0.39299,0.02477,2,2,12,6,6
127897,100,2992,864,18,301777,0.2863,0.00596,1,3,14,14,4
142179,50,1174,278,9,130477,0.21306,0.0069,1,2,9,9,4
3893,50,78,22,6,8931,0.24633,0.06718,1,1,4,4,4
133051,50,3787,1083,21,389324,0.27817,0.00539,5,5,21,4,4
30686,51,1696,577,9,168188,0.34307,0.00535,2,5,8,4,1
169825,100,2704,932,12,271697,0.34303,0.00442,1,7,8,8,1
128245,50,521,212,12,57269,0.37018,0.02095,3,0,13,4,0
162162,0,75,13,3,5612,0.23165,0.05346,3,0,4,1,0
156623,51,148,68,6,12821,0.53038,0.0468,0,1,2,0,2
160685,50,239,64,3660,28877,0.22163,12.67445,0,3,6,0,2
159791,50,1648,417,12,163791,0.25459,0.00733,0,11,11,0,1
17314,0,18,0,3,1940,0,0.15464,0,0,1,0,0
128181,0,475,76,6,44051,0.17253,0.01362,2,2,10,5,5
163398,51,224,66,3,18905,0.34911,0.01587,0,1,2,0,2
151843,50,2868,655,35179,336147,0.19486,10.46536,1,3,14,14,4
118798,51,361,127,3,29129,0.43599,0.0103,3,1,9,3,9
63373,51,595,183,12,55052,0.33241,0.0218,1,2,5,5,2
165796,92,678,219,12,63058,0.3473,0.01903,0,10,5,0,0
20059,50,591,109,9,58554,0.18615,0.01537,2,1,9,4,9
1086,51,359,79,9,21996,0.35916,0.04092,0,0,3,0,0
137828,51,3862,907,25,392086,0.23133,0.00638,1,4,4,4,1
68044,92,1082,354,15,103477,0.34211,0.0145,0,9,2,0,0
69893,51,111,26,6,10537,0.24675,0.05694,0,1,2,0,2
153122,51,3836,1052,12,329244,0.31952,0.00364,0,3,12,0,4
64437,100,5200,1017,15,432117,0.23535,0.00347,2,1,13,6,13
138186,51,270,82,3,27068,0.30294,0.01108,4,1,8,2,8
140394,50,2230,699,15,297159,0.23523,0.00505,6,3,21,3,7
131240,51,120,51,6,13066,0.39033,0.04592,1,2,6,6,3
17039,100,838,285,6,78731,0.36199,0.00762,0,9,6,0,0
139892,0,31,1,6,2256,0.04433,0.26596,2,0,3,1,0
17128,51,74,33,6,7466,0.442,0.08036,0,1,2,0,2
142364,100,5422,1145,15,618716,0.18506,0.00242,0,11,17,0,1
141645,100,6906,1756,48165,713348,0.24616,6.75196,0,5,11,0,2
20408,100,2686,765,9,287425,0.26616,0.00313,3,5,11,3,2
162371,51,1322,427,9,130423,0.3274,0.0069,0,2,8,0,4
20006,51,222,98,3,19251,0.50906,0.01558,0,2,2,0,1
4305,95,2308,627,15,214279,0.29261,0.007,6,6,20,3,3
160936,51,1107,345,12,113414,0.3042,0.01058,0,8,3,0,0
144034,51,3295,963,9,290767,0.33119,0.0031,1,1,9,9,9
91777,92,1680,289,9,208369,0.1387,0.00432,0,4,5,0,1
14003,81,8409,2769,1218168,679002,0.4078,179.40566,17,0,36,2,0
31188,92,4235,1082,9,526409,0.20554,0.00171,3,2,9,3,4
30508,92,648,166,6,79661,0.20838,0.00753,0,3,4,0,1
121277,51,1667,742,9,130291,0.56949,0.00691,1,2,8,8,4
11699,92,2795,478,15,319202,0.14975,0.0047,2,1,10,5,10
148698,95,1912,532,18,181938,0.29241,0.00989,2,2,15,7,7
71789,51,83,41,3,11664,0.35151,0.02572,0,8,1,0,0
104432,50,716,148,6,62944,0.23513,0.00953,2,0,8,4,0
6128,51,204,3,6,18409,0.0163,0.03259,1,0,5,5,0
176463,51,1369,311,12,103135,0.30155,0.01164,1,1,8,8,8
66286,52,1905,668,9,190029,0.35153,0.00474,9,1,23,2,23
160271,51,1563,494,12,219016,0.22555,0.00548,0,3,4,0,1
119926,50,108,28,3,13899,0.20145,0.02158,1,0,11,11,0
57869,51,4880,1598,36,499958,0.31963,0.0072,9,0,12,1,0
184045,92,1679,208,6,213819,0.09728,0.00281,1,4,4,4,1
160944,51,3589,1094,12,386482,0.28307,0.0031,0,1,8,0,8
127909,51,39,10,3,4244,0.23563,0.07069,0,1,4,0,4
94906,51,1508,345,18,169640,0.20337,0.01061,0,5,5,0,1
163454,51,97,1,3,4218,0.02371,0.07112,0,1,2,0,2
158938,51,746,306,15,82346,0.3716,0.01822,0,4,4,0,1
29593,92,2582,488,9,299772,0.16279,0.003,0,2,3,0,1
160560,92,1929,484,16,204530,0.23664,0.00782,0,8,6,0,0
13954,51,422,106,6,31209,0.33965,0.01923,1,2,4,4,2
16856,51,2189,443,15,178265,0.24851,0.00841,0,2,7,0,3
133338,51,1341,214,6,164080,0.13042,0.00366,0,2,4,0,2
117545,100,1752,279,6,226000,0.12345,0.00265,3,2,14,4,7
64919,50,325,144,9,37860,0.38035,0.02377,5,3,12,2,4
11847,51,965,129,27,84397,0.15285,0.03199,1,2,5,5,2
185454,51,145,56,3,17570,0.31873,0.01707,0,6,2,0,0
179736,0,248,73,6,34472,0.21177,0.01741,0,1,1,0,1
30340,51,153,104,6,16129,0.6448,0.0372,0,5,4,0,0
13492,51,87,55,12,12096,0.4547,0.09921,5,2,9,1,4
30358,50,1109,352,6,115676,0.3043,0.00519,2,3,13,6,4
162350,51,293,110,6,25132,0.43769,0.02387,0,0,5,0,0
69916,0,101,16,6,10769,0.14857,0.05572,2,1,5,2,5
23049,92,1060,294,9,159063,0.18483,0.00566,1,4,8,8,2
20123,92,287,109,9,49500,0.2202,0.01818,0,1,2,0,2
158899,50,2558,478,9,296659,0.16113,0.00303,0,6,15,0,2
164106,92,3347,499,6,372197,0.13407,0.00161,1,3,4,4,1
25447,51,4642,1339,12,447430,0.29926,0.00268,5,1,21,4,21
142881,51,663,193,3,59212,0.32595,0.00507,0,5,3,0,0
142325,0,219,131,15,27668,0.47347,0.05421,1,1,5,5,5
68501,92,1354,470,6,174107,0.26995,0.00345,0,3,4,0,1
130750,92,4980,1461,16,571937,0.25545,0.0028,1,7,10,10,1
20771,50,1465,952,128058,262917,0.36209,48.70663,8,2,41,5,20
4752,50,5,1,6,320,0.3125,1.875,10,0,14,1,0
151899,92,714,303,12,99211,0.30541,0.0121,1,7,4,4,0
4231,51,59,19,6,4144,0.45849,0.14479,0,0,4,0,0
67198,51,467,172,333,43476,0.39562,0.76594,0,3,6,0,2
120078,51,938,112,6,93301,0.12004,0.00643,0,4,3,0,0
30696,92,1786,574,6,193591,0.2965,0.0031,1,5,7,7,1
12232,50,595,449,18,61338,0.73201,0.02935,4,1,12,3,12
12568,51,181,42,3354,14930,0.28131,22.46484,1,1,3,3,3
188293,50,1684,651,12,171130,0.38041,0.00701,2,1,15,7,15
11653,51,31,9,6,1364,0.65982,0.43988,2,0,3,1,0
22419,51,19,1,3,2044,0.04892,0.14677,0,1,1,0,1
124205,92,3883,1035,6,389203,0.26593,0.00154,3,4,13,4,3
110237,92,2096,577,12,209193,0.27582,0.00574,1,6,12,12,2
55521,92,2878,418,6,327514,0.12763,0.00183,0,1,3,0,3
69075,0,43,8,6,3993,0.20035,0.15026,3,1,5,1,5
157051,100,3595,1119,15,444620,0.25168,0.00337,1,2,12,12,6
70609,50,17,2,6,660,0.30303,0.90909,4,0,4,1,0
22356,51,216,74,6,20698,0.35752,0.02899,1,1,9,9,9
1822,50,1579,439,12,166727,0.2633,0.0072,1,2,11,11,5
3378,50,306,68,12,29231,0.23263,0.04105,1,1,4,4,4
4256,50,788,265,6,91687,0.28903,0.00654,6,1,15,2,15
58293,51,471,115,6,39963,0.28777,0.01501,2,1,7,3,7
151744,51,478,159,6,55126,0.28843,0.01088,3,4,8,2,2
29890,50,2401,683,12,270519,0.25248,0.00444,0,4,8,0,2
159744,51,40,3,3,3580,0.0838,0.0838,2,0,7,3,0
153543,50,758,210,12,70126,0.29946,0.01711,1,5,11,11,2
3474,50,465,112,6,49205,0.22762,0.01219,4,1,18,4,18
6799,51,438,95,6,40506,0.23453,0.01481,3,1,11,3,11
7149,50,2382,645,6,340848,0.18923,0.00176,2,1,15,7,15
63320,51,472,128,9,48360,0.26468,0.01861,0,4,1,0,0
175048,50,658,197,9,65421,0.30113,0.01376,1,6,6,6,1
162432,92,364,149,6,49151,0.30315,0.01221,1,1,4,4,4
146677,51,396,67,6,38497,0.17404,0.01559,0,5,3,0,0
61995,51,2010,629,21,239496,0.26263,0.00877,0,9,6,0,0
75619,0,1109,228,12,113907,0.20016,0.01053,0,5,2,0,0
151500,51,122,22,6,13258,0.16594,0.04526,0,0,3,0,0
150825,51,1342,1249,15,289980,0.43072,0.00517,0,9,4,0,0
30279,50,2126,611,9,218445,0.2797,0.00412,1,2,13,13,6
145260,51,1107,349,12,113571,0.3073,0.01057,0,6,5,0,0
92053,92,2526,455,9,271726,0.16745,0.00331,0,8,2,0,0
121673,51,2929,681,19,258567,0.26337,0.00735,2,3,5,2,1
30219,92,1557,447,6,179598,0.24889,0.00334,0,5,6,0,1
170634,50,1229,415,15,140074,0.29627,0.01071,0,3,9,0,3
180043,51,121,39,3,12183,0.32012,0.02462,0,2,2,0,1
20442,92,1892,485,9,231774,0.20926,0.00388,0,7,5,0,0
171730,51,178,60,6,20338,0.29501,0.0295,3,1,11,3,11
10877,51,49,11,6,4492,0.24488,0.13357,0,0,2,0,0
106777,0,143,6,6,8168,0.07346,0.07346,4,0,5,1,0
29017,51,1454,311,9,149829,0.20757,0.00601,7,1,19,2,19
167240,51,353,87,6,35730,0.24349,0.01679,0,3,4,0,1
10970,51,80,25,3660,7968,0.31376,45.93373,0,0,4,0,0
75611,51,595,200,9,62009,0.32253,0.01451,0,6,4,0,0
159825,0,637,157,9,51818,0.30298,0.01737,0,1,2,0,2
162986,100,1587,363,18,169629,0.214,0.01061,1,1,9,9,9
81806,51,2260,1087,18,308575,0.35226,0.00583,3,1,19,6,19
58398,51,676,198,6,55813,0.35476,0.01075,0,0,8,0,0
159030,50,721,142,6,63077,0.22512,0.00951,3,2,31,10,15
181365,92,13,0,6,1707,0,0.35149,2,0,2,1,0
70737,50,384,90,15,33447,0.26908,0.04485,0,2,4,0,2
173305,100,474,195,9,51179,0.38102,0.01759,6,2,15,2,7
77656,51,136,31,3,10126,0.30614,0.02963,0,1,5,0,5
149479,51,313,96,3354,32232,0.29784,10.40581,0,0,3,0,0
6564,52,3546,1334,18,391017,0.34116,0.0046,5,3,24,4,8
165277,92,2279,240,12,247458,0.09699,0.00485,0,7,3,0,0
125643,51,151,35,3,11490,0.30461,0.02611,5,0,9,1,0
20312,92,680,219,12,61434,0.35648,0.01953,0,5,7,0,1
237,92,1342,371,6,138077,0.26869,0.00435,0,1,7,0,7
2922,51,69,27,5098,7134,0.37847,71.46061,0,0,2,0,0
159289,51,161,51,5117,21295,0.23949,24.02911,0,0,5,0,0
164957,92,861,367,12,106845,0.34349,0.01123,0,4,4,0,1
137864,92,1680,517,6,176905,0.29225,0.00339,0,1,9,0,9
4823,51,92,33,6,9822,0.33598,0.06109,0,1,2,0,2
11664,0,27,3,3,856,0.35047,0.35047,2,0,4,2,0
117797,51,1020,361,6,157224,0.22961,0.00382,1,3,3,3,1
17307,51,60,11,9,3565,0.30856,0.25245,0,2,2,0,1
75278,51,423,123,5098,39620,0.31045,12.86724,3,1,9,3,9
69801,51,93,296,6,10418,2.84124,0.05759,0,1,3,0,3
16470,92,3593,1066,15,375096,0.28419,0.004,0,5,4,0,0
156317,51,406,80,6,33948,0.23565,0.01767,0,2,2,0,1
14046,92,987,277,6,87641,0.31606,0.00685,0,1,4,0,4
151783,92,3473,585,12,400782,0.14596,0.00299,1,1,5,5,5
123798,92,3179,494,12,359323,0.13748,0.00334,0,1,2,0,2
6666,51,1495,345,15,143161,0.24099,0.01048,1,3,7,7,2
4223,50,1348,410,12,125457,0.32681,0.00957,3,2,11,3,5
121674,92,4254,1180,15,466955,0.2527,0.00321,0,9,2,0,0
148246,100,2101,427,6,255516,0.16711,0.00235,0,6,5,0,0
27920,51,252,48,37336,20976,0.22883,177.9939,0,2,7,0,3
153582,100,4795,1386,1002407,450970,0.30734,222.27798,9,4,67,7,16
150501,51,217,96,3,24128,0.39788,0.01243,1,1,6,6,6
106896,51,1063,267,18,105682,0.25264,0.01703,3,1,13,4,13
31232,92,3592,731,27,320689,0.22795,0.00842,2,5,11,5,2
49567,51,88,27,3669,8601,0.31392,42.65783,0,0,2,0,0
19712,50,2391,589,89,233954,0.25176,0.03804,4,4,12,3,3
118106,50,1633,273,12,202058,0.13511,0.00594,0,1,8,0,8
163597,51,568,235,6,47073,0.49922,0.01275,0,2,5,0,2
149772,92,1982,473,9,222240,0.21283,0.00405,0,3,4,0,1
157338,92,3353,560,6,393309,0.14238,0.00153,0,4,2,0,0
27223,51,476,189,6,44732,0.42252,0.01341,0,4,4,0,1
30644,51,5137,1235,15,555031,0.22251,0.0027,1,6,7,7,1
27287,100,1070,350,9,117538,0.29778,0.00766,1,1,10,10,10
186632,51,564,148,9,57338,0.25812,0.0157,1,3,9,9,3
13804,51,1218,1288,27,134506,0.95758,0.02007,1,3,11,11,3
77643,100,6906,1756,48165,713348,0.24616,6.75196,0,5,11,0,2
128680,92,1443,307,9,140701,0.21819,0.0064,0,10,3,0,0
13690,50,1300,527,3666,140947,0.3739,2.60098,0,1,14,0,14
79869,51,2,1,3,885,0.11299,0.33898,1,1,2,2,2
138951,100,1650,670,5107,220250,0.3042,2.31873,5,3,15,3,5
17354,50,1150,227,15,143968,0.15767,0.01042,2,4,12,6,3
6629,92,3178,633,9,355090,0.17826,0.00253,0,2,3,0,1
7060,92,4630,1580,15,505956,0.31228,0.00296,0,6,13,0,2
71605,51,388,52,3,22959,0.22649,0.01307,0,1,4,0,4
28191,92,327,127,9,36698,0.34607,0.02452,0,1,4,0,4
149947,50,80,23,9,9192,0.25022,0.09791,3,0,8,2,0
134774,51,70,24,6,5388,0.44543,0.11136,0,1,3,0,3
51983,95,4549,1127,22,456504,0.24688,0.00482,8,1,23,2,23
118448,100,5318,1099,12,577697,0.19024,0.00208,2,3,12,6,4
168793,51,1201,321,3,97871,0.32798,0.00307,3,2,11,3,5
28604,51,472,97,9,47617,0.20371,0.0189,0,0,1,0,0
140182,0,1114,354,12,113432,0.31208,0.01058,0,8,2,0,0
18288,92,1449,707,12,236768,0.2986,0.00507,2,1,9,4,9
73391,51,775,289,6,66040,0.43761,0.00909,5,2,25,5,12
23390,92,708,165,6,88085,0.18732,0.00681,0,2,3,0,1
171325,0,116,40,6,10594,0.37757,0.05664,0,0,3,0,0
152824,92,760,209,6,101877,0.20515,0.00589,0,6,4,0,0
169515,51,1673,650,12,163680,0.39712,0.00733,4,5,13,3,2
29727,51,847,186,24,74999,0.248,0.032,1,3,6,6,2
18927,50,659,172,9,58164,0.29572,0.01547,4,2,9,2,4
78068,50,2496,467,85386,240750,0.19398,35.46667,2,1,21,10,21
2679,50,1489,298,6,123903,0.24051,0.00484,3,6,16,5,2
153686,51,1820,599,15,175209,0.34188,0.00856,0,1,7,0,7
141625,51,1919,643,12,201552,0.31902,0.00595,1,3,6,6,2
72571,92,6417,1777,15,662362,0.26828,0.00226,2,5,17,8,3
163502,100,5257,1612,27,630745,0.25557,0.00428,12,4,35,2,8
13731,100,1159,410,6,122600,0.33442,0.00489,1,3,12,12,4
176643,51,849,283,12,73128,0.38699,0.01641,0,1,8,0,8
90145,100,5060,1505,1077259,480908,0.31295,224.00522,7,4,67,9,16
137905,50,4903,1149,18,515875,0.22273,0.00349,1,4,12,12,3
170524,51,75,32,3,7974,0.4013,0.03762,0,1,3,0,3
73514,92,3955,856,15,406657,0.2105,0.00369,2,6,6,3,1
139151,92,3196,690,15,372144,0.18541,0.00403,0,7,8,0,1
4568,51,578,116,6,54638,0.21231,0.01098,0,3,2,0,0
57844,51,265,138,6,24293,0.56806,0.0247,0,5,4,0,0
31450,51,1161,373,269564,123145,0.30289,218.89967,0,3,4,0,1
150901,92,1407,134,9,180008,0.07444,0.005,0,2,3,0,1
18046,92,1119,387,12,141329,0.27383,0.00849,0,5,4,0,0
73501,51,2589,625,15,233722,0.26741,0.00642,1,2,4,4,2
125253,51,2420,425,9,231584,0.18352,0.00389,7,1,25,3,25
3904,50,1073,407,6,100045,0.40682,0.006,4,1,16,4,16
29418,92,4155,1019,12,356659,0.28571,0.00336,2,3,13,6,4
153600,92,562,149,6,75505,0.19734,0.00795,0,2,3,0,1
5436,92,1252,382,9,112321,0.3401,0.00801,0,6,4,0,0
168795,52,1454,496,15,188179,0.26358,0.00797,6,0,28,4,0
77681,0,513,85,6,48284,0.17604,0.01243,0,3,1,0,0
124108,92,2979,576,15,299785,0.19214,0.005,1,4,8,8,2
48090,50,1296,321,18,120567,0.26624,0.01493,2,3,11,5,3
147037,51,200,64,3,17057,0.37521,0.01759,2,1,4,2,4
140538,50,101,26,3660,9748,0.26672,37.54616,1,0,5,5,0
809,51,511,111,9,42573,0.26073,0.02114,0,2,2,0,1
146767,51,316,54,6,28292,0.19087,0.02121,1,1,6,6,6
141454,92,661,298,9,87714,0.33974,0.01026,0,6,5,0,0
158802,51,1015,249,6,104752,0.2377,0.00573,1,4,2,2,0
31688,51,2408,732,26,312942,0.23391,0.00831,1,2,9,9,4
6192,50,222,45,3354,17354,0.25931,19.32696,6,1,8,1,8
169062,0,745,151,18,84852,0.17796,0.02121,1,4,2,2,0
152949,92,1689,291,9,137968,0.21092,0.00652,0,2,5,0,2
56251,50,1165,1409,51707,104756,1.34503,49.35946,7,2,30,4,15
66509,51,181,63,6,17840,0.35314,0.03363,1,0,5,5,0
13741,92,495,163,6,53428,0.30508,0.01123,1,1,7,7,7
28607,100,756,177,6,93224,0.18987,0.00644,3,2,12,4,6
13735,92,906,222,6,86744,0.25593,0.00692,0,3,2,0,0
18495,51,743,229,3662,69675,0.32867,5.25583,3,7,24,8,3
65015,51,617,178,9,66653,0.26705,0.0135,1,1,5,5,5
80246,92,2756,465,6,322419,0.14422,0.00186,0,2,4,0,2
22570,0,269,53,6,25003,0.21197,0.024,0,3,2,0,0
31870,92,224,87,3,42902,0.20279,0.00699,0,1,4,0,4
28689,0,64,12,6,4078,0.29426,0.14713,1,0,3,3,0
9510,92,4913,892,9,522309,0.17078,0.00172,1,4,4,4,1
124664,92,2461,403,12,292113,0.13796,0.00411,0,5,2,0,0
130673,51,201,49,6,15705,0.312,0.0382,1,1,3,3,3
56323,51,1067,391,6,107945,0.36222,0.00556,3,5,8,2,1
18058,92,1290,458,12,154807,0.29585,0.00775,0,6,4,0,0
152937,51,1292,346,9,129284,0.26763,0.00696,1,1,7,7,7
154304,51,1523,484,12,145920,0.33169,0.00822,2,3,8,4,2
142857,51,1,1,3,811,0.1233,0.36991,3,0,5,1,0
30356,0,77,14,3,9065,0.15444,0.03309,1,0,2,2,0
19113,51,204,107,12,32747,0.32675,0.03664,0,1,6,0,6
69887,51,157,27,12,10501,0.25712,0.11427,0,1,3,0,3
162067,51,1339,1396,15,312150,0.44722,0.00481,0,11,3,0,0
144387,50,1478,466,18,139447,0.33418,0.01291,0,0,12,0,0
118188,50,321,1255,6,33442,3.75277,0.01794,4,2,10,2,5
151296,51,53,27,3,4400,0.61364,0.06818,2,1,4,2,4
53549,92,1988,363,15,245924,0.14761,0.0061,2,3,10,5,3
170698,50,46,7,3,2834,0.247,0.10586,2,1,4,2,4
132697,92,724,170,6,91364,0.18607,0.00657,0,3,2,0,0
68006,100,1717,212,6,214533,0.09882,0.0028,3,2,6,2,3
13455,92,697,189,6,84728,0.22307,0.00708,4,1,9,2,9
150689,92,4174,780,12,448269,0.174,0.00268,0,2,6,0,3
4786,51,171,59,9,15106,0.39057,0.05958,1,1,3,3,3
32595,51,488,111,6,44325,0.25042,0.01354,0,1,3,0,3
139872,51,618,151,15,54897,0.27506,0.02732,0,2,3,0,1
117412,0,329,62,6,35107,0.1766,0.01709,0,2,1,0,0
123061,51,3230,1450,13,334565,0.4334,0.00389,3,1,12,4,12
119880,51,102,34,5098,9857,0.34493,51.71959,0,0,2,0,0
159184,92,2367,364,9,274957,0.13238,0.00327,2,2,5,2,2
134772,51,70,24,6,5290,0.45369,0.11342,0,1,3,0,3
117904,50,3525,898,27,308900,0.29071,0.00874,0,2,7,0,3
106284,51,83,25,4977,7903,0.31634,62.97609,0,0,2,0,0
182780,51,1758,438,9,265085,0.16523,0.0034,0,2,5,0,2
28612,51,263,85,6,25588,0.33219,0.02345,0,0,2,0,0
150247,50,776,243,3395,96013,0.25309,3.53598,0,2,4,0,2
5582,0,40,2,6,4046,0.04943,0.14829,1,0,1,1,0
23421,95,2090,363,6,251235,0.14449,0.00239,6,2,16,2,8
16767,50,2607,532,18,289563,0.18373,0.00622,1,3,13,13,4
101335,92,6545,1348,15,664496,0.20286,0.00226,3,2,17,5,8
141439,51,705,146,6,61671,0.23674,0.00973,0,2,10,0,5
71266,50,1045,274,768,80722,0.33944,0.95141,0,2,9,0,4
20113,92,2487,460,12,305910,0.15037,0.00392,0,1,5,0,5
17631,0,71,14,3,5332,0.26257,0.05626,1,1,7,7,7
19390,51,69,40,6,7345,0.54459,0.08169,0,4,2,0,0
142289,51,844,132,3357,65553,0.20136,5.12105,0,1,5,0,5
72121,100,3882,991,12,502250,0.19731,0.00239,1,4,8,8,2
133383,92,1870,242,6,229167,0.1056,0.00262,0,2,5,0,2
148548,92,2166,393,6,179836,0.21853,0.00334,0,7,7,0,1
155526,92,3443,760,12,310985,0.24438,0.00386,1,5,5,5,1
86440,50,2310,814,15,264249,0.30804,0.00568,1,4,11,11,2
20438,51,1259,430,18,124978,0.34406,0.0144,0,8,3,0,0
5174,51,1386,316,12,117734,0.2684,0.01019,1,1,15,15,15
149184,51,562,244,3,67602,0.36094,0.00444,0,3,6,0,2
117399,100,531,226,6,78203,0.28899,0.00767,3,2,12,4,6
31275,92,1734,519,41329,202451,0.25636,20.41432,0,7,3,0,0
27048,51,509,217,12,58577,0.37045,0.02049,1,6,5,5,0
32219,51,614,178,12,50216,0.35447,0.0239,2,3,9,4,3
141470,51,190,53,6,19964,0.26548,0.03005,0,1,7,0,7
184032,100,1503,506,12,191412,0.26435,0.00627,1,3,13,13,4
176755,92,184,59,6,21596,0.2732,0.02778,0,10,1,0,0
166404,51,1453,386,15,197428,0.19551,0.0076,0,4,2,0,0
161753,92,1541,376,9,163807,0.22954,0.00549,0,3,3,0,1
154391,92,2548,541,6,354984,0.1524,0.00169,0,4,5,0,1
122036,50,2137,343,6,214707,0.15975,0.00279,0,7,17,0,2
2894,51,57,15,6,4934,0.30401,0.12161,1,2,2,2,1
101511,51,767,161,9,73359,0.21947,0.01227,1,2,9,9,4
160498,92,1566,264,9,212042,0.1245,0.00424,0,3,5,0,1
150950,92,406,96,12,38041,0.25236,0.03154,1,5,13,13,2
3783,50,1254,278,4933,101518,0.27384,4.85924,8,1,34,4,34
20375,51,272,44,9,16869,0.26083,0.05335,1,0,4,4,0
145837,51,503,92,6,47465,0.19383,0.01264,0,1,6,0,6
50043,92,3142,481,12,355433,0.13533,0.00338,0,1,2,0,2
128253,92,3351,585,9,368329,0.15883,0.00244,2,2,5,2,2
28656,0,353,70,9,32567,0.21494,0.02764,0,3,1,0,0
126620,100,3752,858,6,422815,0.20293,0.00142,2,6,8,4,1
163838,51,650,125,9,46339,0.26975,0.01942,3,0,17,5,0
137443,100,5253,1147,9,444742,0.2579,0.00202,0,3,7,0,2
81774,50,187,70,6,23980,0.29191,0.02502,3,4,8,2,2
57235,51,779,684,6,98598,0.69373,0.00609,3,1,7,2,7
16262,50,542,156,6,47400,0.32911,0.01266,0,3,7,0,2
167567,92,875,229,6,105329,0.21741,0.0057,1,2,4,4,2
140153,51,1244,922,58399,170537,0.54065,34.24418,7,1,14,2,14
155592,83,5638,2303,12,780362,0.29512,0.00154,5,5,18,3,3
145543,92,3910,674,12,436843,0.15429,0.00275,3,3,9,3,3
139021,100,1998,366,12,243651,0.15021,0.00493,2,0,10,5,0
22291,91,2608,506,9,284849,0.17764,0.00316,8,0,25,3,0
12887,51,12,2,3,1149,0.17406,0.2611,0,0,2,0,0
16933,100,1182,284,6,140125,0.20268,0.00428,0,4,8,0,2
522,51,3264,1045,69,281164,0.37167,0.02454,1,2,10,10,5
175564,92,3208,478,6,361141,0.13236,0.00166,0,2,2,0,1
140636,51,214,65,6,19477,0.33373,0.03081,2,1,4,2,4
177524,50,4241,1193,12,700198,0.17038,0.00171,11,0,41,3,0
12390,51,765,223,6,83436,0.26727,0.00719,0,2,4,0,2
118399,0,515,76,6,43763,0.17366,0.01371,1,3,1,1,0
17325,51,80,32,4990,7388,0.43313,67.54196,0,0,5,0,0
120065,92,2244,413,6,301167,0.13713,0.00199,0,1,3,0,3
75757,51,1673,238,12,105696,0.22517,0.01135,0,6,4,0,0
91399,92,3309,877,12,265344,0.33051,0.00452,1,8,4,4,0
121826,50,2447,676,15,248442,0.2721,0.00604,3,2,15,5,7
153480,50,324,153,3,35984,0.42519,0.00834,0,7,6,0,0
2405,50,345,122,12,45829,0.26621,0.02618,2,1,5,2,5
136659,0,75,11,3,4373,0.25154,0.0686,0,1,2,0,2
51000,100,6494,2000,38019,660998,0.30257,5.75176,15,1,19,1,19
16308,51,2009,471,9,180885,0.26039,0.00498,1,1,9,9,9
12154,92,725,273,9,91967,0.29685,0.00979,1,9,9,9,1
51642,51,256,97,9,22221,0.43652,0.0405,0,6,2,0,0
94837,0,67,7,6,6252,0.11196,0.09597,0,0,2,0,0
16904,0,66,12,3,8144,0.14735,0.03684,1,1,3,3,3
30000,92,365,139,9,39443,0.35241,0.02282,0,2,2,0,1
130842,51,910,266,6,106820,0.24902,0.00562,0,2,2,0,1
20540,92,2033,820,9,299447,0.27384,0.00301,0,4,7,0,1
149345,51,760,233,12,86432,0.26958,0.01388,0,4,2,0,0
156863,0,12,0,3,693,0,0.4329,0,0,1,0,0
142394,51,47,9,6,4238,0.21236,0.14158,1,0,1,1,0
142066,92,334,145,6,38940,0.37237,0.01541,0,2,2,0,1
103022,51,774,279,15,69289,0.40266,0.02165,2,3,10,5,3
7792,51,248,55,3354,23624,0.23281,14.19743,1,0,4,4,0
17304,51,121,45,3,12335,0.36482,0.02432,0,0,4,0,0
5255,50,693,293,5114,94268,0.31082,5.42496,0,2,9,0,4
155890,0,622,66,9,45826,0.14402,0.01964,0,3,1,0,0
187679,51,14,2,3,1367,0.14631,0.21946,1,0,2,2,0
3770,92,1603,466,6,176539,0.26396,0.0034,2,5,7,3,1
159209,50,1176,310,6,90910,0.341,0.0066,3,2,9,3,4
53855,51,2202,642,12,221931,0.28928,0.00541,2,2,11,5,5
11043,92,575,158,6,74777,0.21129,0.00802,0,1,3,0,3
102498,51,243,125,9,25307,0.49393,0.03556,2,0,12,6,0
136663,50,670,322,3,55414,0.58108,0.00541,2,1,9,4,9
22306,92,2100,239,9,166966,0.14314,0.00539,1,1,8,8,8
140552,50,367,83,9,30057,0.27614,0.02994,0,2,4,0,2
151583,51,588,107,6,56729,0.18862,0.01058,2,2,6,3,3
29944,100,2027,558,6,323236,0.17263,0.00186,2,1,11,5,11
20690,92,168,50,6,18841,0.26538,0.03185,0,9,2,0,0
140962,51,492,116,9,48143,0.24095,0.01869,0,2,3,0,1
68142,92,366,170,6,41176,0.41286,0.01457,1,4,8,8,2
192,51,536,145,6,52437,0.27652,0.01144,1,3,4,4,1
161394,51,2632,390,12,277616,0.14048,0.00432,0,2,8,0,4
162521,100,1226,270,6,115575,0.23361,0.00519,1,1,7,7,7
146348,51,405,68,9,38805,0.17524,0.02319,0,1,3,0,3
160100,92,1926,477,12,175475,0.27183,0.00684,4,5,16,4,3
53444,100,6368,1518,85,553258,0.27437,0.01536,8,1,40,5,40
20258,100,929,153,6,75933,0.20149,0.0079,6,0,9,1,0
141774,51,2882,843,12,293287,0.28743,0.00409,0,4,5,0,1
21394,92,3312,552,15,371757,0.14848,0.00403,2,1,7,3,7
149186,0,168,54,3,17997,0.30005,0.01667,0,5,1,0,0
121412,100,4112,812,21,458680,0.17703,0.00458,1,2,13,13,6
54904,50,1088,443,12,123553,0.35855,0.00971,0,3,5,0,1
71511,92,4016,891,9,436988,0.2039,0.00206,0,4,4,0,1
144673,51,707,158,9,63096,0.25041,0.01426,0,3,5,0,1
157243,51,270,82,3,27068,0.30294,0.01108,4,1,8,2,8
17659,51,138,28,6,14159,0.19775,0.04238,0,1,5,0,5
28283,51,1134,366,12,115911,0.31576,0.01035,0,8,3,0,0
27385,51,2351,507,18,190613,0.26598,0.00944,2,3,10,5,3
132513,51,2183,597,12,231584,0.25779,0.00518,1,1,8,8,8
6287,51,60,11,9,3565,0.30856,0.25245,0,2,2,0,1
159068,50,152,39,6,24909,0.15657,0.02409,2,3,9,4,3
18930,92,3043,994,12,329580,0.3016,0.00364,1,3,5,5,1
66044,51,1172,303,9,114030,0.26572,0.00789,3,1,12,4,12
75660,92,3715,695,6,421776,0.16478,0.00142,1,3,9,9,3
124390,51,865,233,12,80060,0.29103,0.01499,2,2,10,5,5
148986,92,5622,1827,18,581443,0.31422,0.0031,0,3,11,0,3
19132,92,268,111,9,44916,0.24713,0.02004,1,2,5,5,2
26849,100,6553,1724,24,743681,0.23182,0.00323,2,5,15,7,3
152582,51,109,39,15,8392,0.46473,0.17874,0,1,2,0,2
48087,92,1166,350,9,125734,0.27837,0.00716,1,6,6,6,1
18696,0,25,7,3,1306,0.53599,0.22971,0,0,1,0,0
3465,51,594,208,9,63442,0.32786,0.01419,1,1,7,7,7
61777,51,242,35,4961,14052,0.24907,35.30458,0,0,3,0,0
139840,92,2024,549,12,258008,0.21278,0.00465,1,8,3,3,0
31551,51,474,101,6,45339,0.22277,0.01323,0,1,5,0,5
8649,100,2091,368,6,254236,0.14475,0.00236,3,2,14,4,7
137883,92,1567,518,142876,150004,0.34532,95.24813,4,5,9,2,1
66723,50,155,78,6,14866,0.52469,0.04036,4,0,7,1,0
168205,92,1082,354,15,103477,0.34211,0.0145,0,8,3,0,0
159046,50,2683,1136,546,376427,0.30178,0.14505,9,2,21,2,10
20346,92,1386,483,6,156838,0.30796,0.00383,0,3,3,0,1
139206,50,210,40,6,21347,0.18738,0.02811,0,2,4,0,2
170389,51,187,65,3,15929,0.40806,0.01883,1,2,3,3,1
157944,50,1590,411,12,161590,0.25435,0.00743,2,2,12,6,6
144323,0,27,5,3,1853,0.26983,0.1619,1,3,3,3,1
5101,0,59,15,6,12060,0.12438,0.04975,0,1,2,0,2
18030,51,677,229,6,66049,0.34671,0.00908,0,2,5,0,2
130157,51,318,65,6,28499,0.22808,0.02105,0,2,4,0,2
94465,51,57,26,9,3988,0.65196,0.22568,0,1,1,0,1
123,92,321,132,6,57124,0.23108,0.0105,0,3,6,0,2
20678,51,3330,1212,12,418974,0.28928,0.00286,2,2,12,6,6
124757,51,1905,480,6,143084,0.33547,0.00419,0,6,5,0,0
94620,51,2405,622,9,258296,0.24081,0.00348,3,1,13,4,13
158374,51,1313,388,16,129408,0.29983,0.01236,0,6,5,0,0
70392,50,1190,444,9,132868,0.33417,0.00677,1,1,11,11,11
172117,51,96,22,6,10081,0.21823,0.05952,1,1,2,2,2
48116,51,977,231,12,98238,0.23514,0.01222,0,3,4,0,1
64263,50,863,1201,22,160321,0.74912,0.01372,6,2,13,2,6
158752,92,937,316,6,151826,0.20813,0.00395,1,2,8,8,4
17068,51,84,15,6,6934,0.21633,0.08653,0,0,2,0,0
10695,51,1137,371,12,116422,0.31867,0.01031,0,8,3,0,0
66652,51,46,6,3,2941,0.20401,0.10201,3,0,4,1,0
140001,100,547,174,9,79389,0.21917,0.01134,4,1,15,3,15
121492,92,1857,586,27,184690,0.31729,0.01462,0,3,6,0,2
56021,50,945,309,5123,103949,0.29726,4.92838,3,1,12,4,12
30896,51,167,42,3,13661,0.30744,0.02196,0,0,7,0,0
65975,100,5629,1616,15,709552,0.22775,0.00211,3,1,14,4,14
185854,51,186,68,6,16137,0.42139,0.03718,1,1,5,5,5
123873,92,155,47,6,18079,0.25997,0.03319,0,8,4,0,0
118439,92,1900,602,6,196729,0.306,0.00305,0,4,8,0,2
12004,50,1843,353,15,150194,0.23503,0.00999,2,3,17,8,5
30729,100,3871,1047,18,455282,0.22997,0.00395,0,7,10,0,1
19890,52,1568,515,9,174494,0.29514,0.00516,7,1,23,3,23
149566,51,265,156,6,29792,0.52363,0.02014,0,2,3,0,1
68396,51,62,21,5114,6193,0.33909,82.5771,0,0,2,0,0
117745,51,282,99,6,29038,0.34093,0.02066,1,3,4,4,1
66982,92,480,142,9,60733,0.23381,0.01482,0,4,2,0,0
95029,100,855,135,9,72653,0.18581,0.01239,1,0,11,11,0
30134,0,522,122,9,55710,0.21899,0.01616,0,5,1,0,0
32710,100,2812,629,27,239225,0.26293,0.01129,0,2,7,0,3
182483,92,1396,340,6,135450,0.25102,0.00443,0,1,6,0,6
159211,50,280,120,3,26001,0.46152,0.01154,1,0,6,6,0
13452,100,1244,454,27,149605,0.30347,0.01805,0,7,6,0,0
48055,51,2001,494,12,194212,0.25436,0.00618,0,2,8,0,4
152865,0,30,1,3,1701,0.05879,0.17637,0,0,1,0,0
142024,51,444,108,6,40198,0.26867,0.01493,0,1,2,0,2
126624,51,10,0,3,406,0,0.73892,0,0,1,0,0
146576,50,186,51,77,19166,0.2661,0.40175,0,1,4,0,4
139817,51,69,26,5098,7069,0.3678,72.1177,0,0,3,0,0
52587,92,3452,848,21,445803,0.19022,0.00471,0,5,6,0,1
141571,92,4460,782,9,484765,0.16132,0.00186,0,6,7,0,1
146835,50,1497,348,9,204253,0.17038,0.00441,1,3,12,12,4
17789,51,707,186,9,63787,0.2916,0.01411,0,2,5,0,2
56106,51,456,161,12,47237,0.34083,0.0254,2,0,5,2,0
149352,92,4956,1084,6,519263,0.20876,0.00116,0,3,9,0,3
153029,50,272,77,3,28047,0.27454,0.0107,0,7,9,0,1
131095,51,1018,372,18,116172,0.32021,0.01549,0,6,4,0,0
148652,50,233,73,12,18403,0.39667,0.06521,3,0,15,5,0
162938,100,1452,429,6,164667,0.26053,0.00364,2,5,10,5,2
5619,51,125,31,5101,11762,0.26356,43.36847,1,1,4,4,4
74702,50,3376,928,12,366554,0.25317,0.00327,2,3,17,8,5
56324,51,1348,617,6,185383,0.33282,0.00324,3,2,12,4,6
122263,0,334,135,9,25000,0.54,0.036,0,1,2,0,2
160877,51,3631,1135,9,313000,0.36262,0.00288,1,1,7,7,7
246,92,897,261,9,122202,0.21358,0.00736,0,4,5,0,1
170753,92,361,136,3,62268,0.21841,0.00482,1,3,8,8,2
165644,51,3319,887,27,248307,0.35722,0.01087,4,4,12,3,3
30707,51,1645,611,9,191547,0.31898,0.0047,0,2,5,0,2
27720,51,289,101,6,24996,0.40406,0.024,0,3,6,0,2
53443,92,3644,917,15,309591,0.2962,0.00485,1,7,7,7,1
17611,92,1527,510,9,163977,0.31102,0.00549,0,7,6,0,0
149342,92,4956,1084,6,519263,0.20876,0.00116,0,3,9,0,3
147959,83,1603,374,9,124849,0.29956,0.00721,6,4,24,4,6
71615,92,575,167,9,73868,0.22608,0.01218,0,1,2,0,2
13616,92,213,66,6,24063,0.27428,0.02493,1,7,7,7,1
54115,92,1085,157,39,98476,0.15943,0.0396,1,2,7,7,3
13740,100,4611,939,12,496762,0.18902,0.00242,0,5,13,0,2
141250,92,804,229,9,96047,0.23842,0.00937,2,1,6,3,6
90805,51,617,121,9,58093,0.20829,0.01549,2,2,7,3,3
55850,92,4326,978,6,513281,0.19054,0.00117,0,4,6,0,1
23047,92,1314,340,9,180105,0.18878,0.005,1,4,7,7,1
26304,100,2377,738,9,237923,0.31018,0.00378,1,2,8,8,4
11267,50,1237,341,9,151346,0.22531,0.00595,2,3,10,5,3
91866,92,3256,553,9,369060,0.14984,0.00244,0,2,3,0,1
164889,92,1864,445,6,197285,0.22556,0.00304,0,5,3,0,0
90030,51,1203,311,9,113039,0.27513,0.00796,0,2,3,0,1
32083,52,1017,297,9,113538,0.26159,0.00793,10,2,24,2,12
29455,92,1983,393,6,193541,0.20306,0.0031,0,5,7,0,1
49483,100,1807,442,9,163560,0.27024,0.0055,0,3,9,0,3
80925,92,617,167,12,58309,0.28641,0.02058,1,1,7,7,7
13470,51,248,97,6,25133,0.38595,0.02387,0,2,3,0,1
9435,51,78,26,5095,9465,0.2747,53.8299,1,0,5,5,0
17427,92,1218,444,6,196795,0.22562,0.00305,1,2,4,4,2
169077,51,306,9,6,23234,0.03874,0.02582,0,0,1,0,0
17718,92,670,199,9,94097,0.21148,0.00956,2,2,12,6,6
149036,50,759,181,96623,47674,0.37966,202.67441,1,0,10,10,0
13165,50,460,103,12,46037,0.22373,0.02607,2,1,6,3,6
128043,92,1155,363,12,118293,0.30687,0.01014,0,7,4,0,0
29016,51,444,107,9,45119,0.23715,0.01995,0,1,2,0,2
111863,92,6384,1635,16,681093,0.24006,0.00235,0,5,5,0,1
164382,51,895,208,12,96223,0.21616,0.01247,0,2,5,0,2
71932,50,2185,1274,6,279969,0.45505,0.00214,5,2,18,3,9
71352,50,2345,881,9,232823,0.3784,0.00387,0,3,10,0,3
148580,85,6226,1761,34,708574,0.24853,0.0048,2,4,23,11,5
148453,51,26,2,3,1658,0.12063,0.18094,0,0,1,0,0
128739,50,1981,647,19,226764,0.28532,0.00838,0,0,14,0,0
121248,100,1314,336,12,127146,0.26426,0.00944,0,3,6,0,2
160057,51,2245,1011,12,248323,0.40713,0.00483,0,3,7,0,2
163452,51,6,0,3,318,0,0.9434,0,0,1,0,0
170842,50,964,329,15,109812,0.2996,0.01366,0,5,7,0,1
13721,51,548,131,9,52348,0.25025,0.01719,1,4,7,7,1
133837,50,1235,385,6,130725,0.29451,0.00459,0,2,12,0,6
165631,50,166,62,3,16676,0.37179,0.01799,2,0,4,2,0
9930,50,294,106,6,28016,0.37836,0.02142,3,1,15,5,15
150638,50,1373,462,15,132262,0.34931,0.01134,1,5,13,13,2
165486,51,258,48,3,40297,0.11912,0.00744,0,6,3,0,0
176901,50,838,211,12,74749,0.28228,0.01605,4,2,33,8,16
120060,92,982,246,9,91202,0.26973,0.00987,0,9,5,0,0
158585,51,508,86,15,44281,0.19421,0.03387,3,1,10,3,10
9386,51,3836,1052,12,329244,0.31952,0.00364,0,3,12,0,4
143280,95,6935,1861,38726,570852,0.326,6.78389,5,4,17,3,4
139129,50,66,18,3,7515,0.23952,0.03992,1,0,5,5,0
5626,51,173,50,6,14203,0.35204,0.04224,5,0,9,1,0
6319,0,29,2,6,1800,0.11111,0.33333,0,1,2,0,2
6259,100,6306,2115,16,743366,0.28452,0.00215,0,7,7,0,1
144611,92,262,84,5098,29562,0.28415,17.24511,0,8,4,0,0
30647,0,175,65,3,23613,0.27527,0.0127,1,1,2,2,2
16913,92,322,183,6,39103,0.46799,0.01534,5,0,5,1,0
118526,51,80,41,6,10407,0.39397,0.05765,0,7,2,0,0
55542,100,2549,813,21,281942,0.28836,0.00745,7,10,25,3,2
94624,51,137,84,3660,15837,0.5304,23.11044,0,1,2,0,2
20281,92,1226,348,12,141262,0.24635,0.00849,0,1,5,0,5
27577,50,370,65,6,34086,0.19069,0.0176,4,1,10,2,10
28620,51,271,85,6,26315,0.32301,0.0228,0,0,2,0,0
140576,51,1357,377,15,189370,0.19908,0.00792,0,2,2,0,1
51030,51,1634,455,12,164167,0.27716,0.00731,1,3,17,17,5
119915,51,1266,1243,15,281267,0.44193,0.00533,0,10,3,0,0
49599,0,12,0,3,588,0,0.5102,0,0,1,0,0
148014,50,457,101,6,42392,0.23825,0.01415,1,1,7,7,7
152600,92,2644,1823,5176,236355,0.7713,2.18993,2,7,10,5,1
153015,88,6167,1592,158031,573198,0.27774,27.57005,3,3,22,7,7
137340,50,7533,1879,28,718811,0.2614,0.0039,12,0,18,1,0
137418,92,7513,2359,1594750,698212,0.33786,228.40484,5,0,9,1,0
134028,51,1349,421,22,136596,0.30821,0.01611,0,7,6,0,0
63416,51,838,431,5120,98154,0.43911,5.21629,3,1,7,2,7
72170,51,777,146,9,75603,0.19311,0.0119,0,5,2,0,0
146133,92,792,265,6,93404,0.28371,0.00642,0,3,3,0,1
2870,51,21,0,3,1376,0,0.21802,2,0,3,1,0
180568,51,119,38,3,12477,0.30456,0.02404,0,1,4,0,4
56755,50,3551,1091,12,363785,0.2999,0.0033,1,7,16,16,2
55408,50,4836,1096,18,427091,0.25662,0.00421,0,5,12,0,2
17459,50,1229,200,12,153870,0.12998,0.0078,3,1,18,6,18
165866,51,1266,1243,15,281279,0.44191,0.00533,0,10,3,0,0
6868,92,304,159,6,49903,0.31862,0.01202,0,4,5,0,1
20856,50,1967,617,9,258270,0.2389,0.00348,7,1,21,3,21
183677,51,755,267,3,71087,0.3756,0.00422,3,2,10,3,5
31836,51,216,94,9,19998,0.47005,0.045,1,1,5,5,5
101777,51,1312,308,156209,104544,0.29461,149.41938,4,3,14,3,4
138950,51,95,21,9,12843,0.16351,0.07008,0,0,2,0,0
2949,92,1921,696,9,326807,0.21297,0.00275,0,4,5,0,1
127713,51,43,15,3,2362,0.63506,0.12701,0,1,1,0,1
188601,92,1069,282,12,134660,0.20942,0.00891,0,2,3,0,1
61904,92,6036,1865,12,477336,0.39071,0.00251,5,0,11,2,0
145275,51,974,226,12,107616,0.21001,0.01115,1,2,6,6,3
169470,50,3795,1367,68084,425069,0.32159,16.01716,1,6,7,7,1
165604,100,2741,505,6,326166,0.15483,0.00184,1,3,10,10,3
118961,92,5605,787,6,580425,0.13559,0.00103,0,7,3,0,0
153346,51,16,3,3,1189,0.25231,0.25231,1,0,3,3,0
152921,51,1266,1243,15,282482,0.44003,0.00531,0,10,3,0,0
14010,51,3071,808,15,240485,0.33599,0.00624,3,1,18,6,18
57010,50,1919,486,12,165265,0.29407,0.00726,1,3,13,13,4
162093,100,476,195,9,51240,0.38056,0.01756,6,2,16,2,8
63421,51,18,2,3,1220,0.16393,0.2459,0,0,1,0,0
17701,50,4286,1433,16,392350,0.36524,0.00408,0,9,12,0,1
132511,92,2756,465,6,322419,0.14422,0.00186,0,2,4,0,2
19345,92,2697,407,6,309556,0.13148,0.00194,1,3,3,3,1
18443,50,1218,325,6,105177,0.309,0.0057,1,1,6,6,6
48022,92,3430,964,9,424427,0.22713,0.00212,0,1,12,0,12
262,100,2400,556,9,245421,0.22655,0.00367,2,1,10,5,10
155932,52,3516,1068,12,419882,0.25436,0.00286,7,0,28,4,0
185375,51,852,225,9,70124,0.32086,0.01283,1,2,4,4,2
155381,51,121,26,3,15194,0.17112,0.01974,0,1,3,0,3
10991,51,58,37,6,8040,0.4602,0.07463,0,0,1,0,0
16944,92,3839,1079,15,420549,0.25657,0.00357,0,10,1,0,0
143235,51,10,1,6,553,0.18083,1.08499,2,0,2,1,0
51926,92,2036,522,330470,168687,0.30945,195.90721,2,4,7,3,1
153823,51,819,291,6,78717,0.36968,0.00762,1,1,5,5,5
170899,51,331,108,3,30507,0.35402,0.00983,2,3,7,3,2
117293,92,1557,376,9,153952,0.24423,0.00585,0,11,4,0,0
137823,50,626,153,534,67183,0.22774,0.79484,5,2,10,2,5
143226,0,22,1,3,1283,0.07794,0.23383,0,2,1,0,0
162914,92,1189,226,12,113409,0.19928,0.01058,0,11,3,0,0
138084,50,97,25,3,10578,0.23634,0.02836,2,0,7,3,0
151313,51,1546,477,5114,175907,0.27117,2.90722,1,5,9,9,1
143036,51,946,241,16,107559,0.22406,0.01488,1,2,6,6,3
31547,51,432,389,6,62267,0.62473,0.00964,0,5,2,0,0
4810,0,11,0,3,571,0,0.52539,1,0,1,1,0
139093,51,77,22,3,5800,0.37931,0.05172,0,0,3,0,0
157996,51,2721,906,4356,276420,0.32776,1.57586,1,3,15,15,5
102794,51,1590,619,18,200664,0.30848,0.00897,0,1,3,0,3
153997,50,5119,1419,9,519117,0.27335,0.00173,0,8,8,0,1
177380,92,590,162,9,79099,0.20481,0.01138,0,2,2,0,1
13426,51,1656,436,21,146504,0.2976,0.01433,1,1,13,13,13
168190,50,3499,908,18,311092,0.29188,0.00579,17,1,47,2,47
13863,51,58,22,9,3850,0.57143,0.23377,1,0,7,7,0
6622,51,1175,325,9,132380,0.24551,0.0068,0,3,3,0,1
26859,92,1510,267,6,153935,0.17345,0.0039,4,1,10,2,10
13460,92,720,182,12,90645,0.20078,0.01324,3,1,5,1,5
117325,100,1117,254,18,137398,0.18486,0.0131,3,3,10,3,3
13957,51,2821,963,6,406544,0.23687,0.00148,1,3,8,8,2
132156,50,29,4,3,2644,0.15129,0.11346,0,2,3,0,1
109661,92,2508,488,12,211848,0.23035,0.00566,2,1,12,6,12
67824,51,36,10,3,4706,0.21249,0.06375,0,0,5,0,0
135796,51,168,687,9,17830,3.85306,0.05048,1,5,4,4,0
29751,92,1464,470,12,165314,0.28431,0.00726,0,6,7,0,1
129743,51,458,102,9,48674,0.20956,0.01849,1,2,1,1,0
162084,92,2505,485,6,293582,0.1652,0.00204,0,1,3,0,3
68046,51,698,121,4932,49577,0.24406,9.94816,0,2,4,0,2
158767,92,2395,681,9,198740,0.34266,0.00453,2,2,5,2,2
125082,51,2535,556,24,294551,0.18876,0.00815,0,1,11,0,11
17705,51,810,260,3,65756,0.3954,0.00456,0,3,3,0,1
185493,0,292,75,3354,23156,0.32389,14.48437,0,1,2,0,2
81170,51,1570,238,6,198594,0.11984,0.00302,0,3,6,0,2
16972,100,5390,1305,12,611900,0.21327,0.00196,3,3,14,4,4
6248,51,81,21,3,9079,0.2313,0.03304,0,0,1,0,0
50664,0,24,5,3,1587,0.31506,0.18904,1,0,1,1,0
11593,51,1149,375,12,118246,0.31714,0.01015,0,9,2,0,0
139407,92,684,173,6,91435,0.18921,0.00656,0,2,6,0,3
75314,51,35,4,3,4318,0.09264,0.06948,3,1,5,1,5
30681,92,340,110,12,53609,0.20519,0.02238,1,3,7,7,2
118723,51,223,96,6,29218,0.32856,0.02054,0,6,3,0,0
64435,92,731,166,9,89499,0.18548,0.01006,1,3,3,3,1
94828,51,514,84,6,47532,0.17672,0.01262,0,4,1,0,0
148496,100,3885,1175,15,378529,0.31041,0.00396,10,4,34,3,8
162886,51,503,111,6,46624,0.23807,0.01287,1,1,8,8,8
143531,92,793,191,6,130788,0.14604,0.00459,0,4,2,0,0
55520,100,3545,519,9,388258,0.13367,0.00232,4,0,20,5,0
30538,100,533,135,6,70696,0.19096,0.00849,4,1,13,3,13
156549,51,215,72,9,19308,0.3729,0.04661,0,1,2,0,2
26833,50,2565,939,9,239241,0.39249,0.00376,5,3,18,3,6
650,51,509,217,12,58577,0.37045,0.02049,0,9,1,0,0
151741,51,269,45,12,24585,0.18304,0.04881,4,0,7,1,0
126602,92,434,127,9,46227,0.27473,0.01947,1,2,4,4,2
158976,51,803,215,12,74743,0.28765,0.01606,0,4,4,0,1
142371,51,653,164,3,77173,0.21251,0.00389,2,1,5,2,5
66002,92,419,101,3,52637,0.19188,0.0057,0,1,6,0,6
30748,53,749,291,9,91176,0.31916,0.00987,4,1,23,5,23
13477,92,684,177,12,88830,0.19926,0.01351,3,1,5,1,5
18428,92,464,165,9,44665,0.36942,0.02015,2,1,8,4,8
188055,92,242,79,9,24803,0.31851,0.03629,0,10,2,0,0
67179,50,69,32,3,5457,0.5864,0.05498,1,2,6,6,3
140537,92,937,95,6,143717,0.0661,0.00417,0,3,2,0,0
188000,92,820,211,9,97255,0.21696,0.00925,0,1,3,0,3
7065,92,3924,926,9,446917,0.2072,0.00201,3,4,7,2,1
135849,51,1923,509,13469,246937,0.20613,5.45443,3,5,15,5,3
26760,51,485,151,6,34671,0.43552,0.01731,1,1,4,4,4
152941,50,321,1255,6,33442,3.75277,0.01794,4,2,10,2,5
149341,92,4956,1084,6,519265,0.20876,0.00116,0,3,9,0,3
21666,51,574,160,9,55781,0.28684,0.01613,0,2,3,0,1
153200,92,4828,1081,12,525942,0.20554,0.00228,0,13,15,0,1
121639,100,1546,1323,15,333020,0.39727,0.0045,0,10,7,0,0
27597,51,914,299,9,100524,0.29744,0.00895,1,7,5,5,0
154375,92,1090,221,12,126068,0.1753,0.00952,0,3,2,0,0
66540,51,1259,317,18,109706,0.28895,0.01641,3,3,13,4,4
163576,52,278,67,9,22520,0.29751,0.03996,8,1,23,2,23
124743,51,151,46,5114,16495,0.27887,31.00333,2,0,5,2,0
59259,50,3264,632,22,321736,0.19643,0.00684,3,2,18,6,9
148177,100,4510,827,12,454590,0.18192,0.00264,1,1,13,13,13
53116,92,2405,736,18,240655,0.30583,0.00748,0,5,13,0,2
118273,51,240,80,26382,24684,0.3241,106.87895,0,5,2,0,0
149337,92,4956,1084,6,519263,0.20876,0.00116,0,3,9,0,3
168648,51,348,57,6,33208,0.17165,0.01807,0,2,2,0,1
152744,92,2756,429,6,315210,0.1361,0.0019,2,1,6,3,6
93795,91,1567,355,15,122175,0.29057,0.01228,6,2,13,2,6
75161,51,87,33,5095,8782,0.37577,58.0164,0,0,2,0,0
48839,51,816,107,3685,61413,0.17423,6.00036,1,3,5,5,1
154614,51,321,50,12,23399,0.21368,0.05128,0,1,1,0,1
20478,50,1371,239,6,160679,0.14874,0.00373,0,1,9,0,9
146575,50,338,104,9,32777,0.3173,0.02746,2,0,9,4,0
18310,50,1952,502,21,179216,0.28011,0.01172,0,5,7,0,1
158067,51,678,185,9,65688,0.28163,0.0137,0,1,5,0,5
158047,92,4000,898,21,447643,0.20061,0.00469,1,7,10,10,1
158900,51,2668,747,16,360902,0.20698,0.00443,3,4,19,6,4
32124,92,900,221,6,85353,0.25892,0.00703,0,3,2,0,0
128290,92,4544,1089,12,367928,0.29598,0.00326,1,1,12,12,12
12951,92,497,109,9,43753,0.24913,0.02057,3,2,7,2,3
154098,51,253,76,12,22782,0.3336,0.05267,0,2,3,0,1
32317,51,79,26,5095,15782,0.16474,32.28361,1,0,5,5,0
146543,51,190,53,6,19952,0.26564,0.03007,0,1,7,0,7
126856,50,82,44,6,7409,0.59387,0.08098,2,2,6,3,3
6450,51,3504,1074,33,344035,0.31218,0.00959,3,4,15,5,3
143660,100,3849,1037,6,499325,0.20768,0.0012,0,5,9,0,1
153330,50,527,162,12,62458,0.25937,0.01921,6,1,14,2,14
106500,51,13,0,3,617,0,0.48622,0,0,1,0,0
19856,92,1819,404,9,254348,0.15884,0.00354,0,5,2,0,0
16859,92,3335,812,9,369563,0.21972,0.00244,0,2,6,0,3
67611,51,117,45,3,12224,0.36813,0.02454,1,0,3,3,0
13913,51,1478,632,9,137867,0.45841,0.00653,2,2,11,5,5
18603,92,242,96,6,45437,0.21128,0.01321,0,2,5,0,2
69274,51,60,7,3,3986,0.17561,0.07526,1,0,4,4,0
139836,92,844,231,9,119342,0.19356,0.00754,2,2,6,3,3
150773,51,190,60,9,12881,0.4658,0.06987,1,3,7,7,2
17837,51,250,104,9,22610,0.45997,0.03981,2,1,8,4,8
160107,50,1632,347,18,158684,0.21867,0.01134,2,3,7,3,2
121983,51,1250,301,49429,95987,0.31358,51.49552,0,3,7,0,2
25448,92,658,239,12,92768,0.25763,0.01294,0,6,6,0,1
17259,51,39,8,6,4112,0.19455,0.14591,2,0,5,2,0
166743,50,589,179,12,58049,0.30836,0.02067,3,4,12,4,3
146449,50,5935,1563,54,557644,0.28029,0.00968,3,1,13,4,13
145022,100,3343,1526,27,542409,0.28134,0.00498,5,1,14,2,14
169187,92,4101,807,6,455675,0.1771,0.00132,1,2,4,4,2
31685,50,339,85,3,26908,0.31589,0.01115,1,0,7,7,0
59973,100,2409,431,6,281972,0.15285,0.00213,2,4,3,1,0
16903,51,198,97,6,22785,0.42572,0.02633,1,2,2,2,1
4168,51,36,10,3,4152,0.24085,0.07225,0,0,5,0,0
272,50,795,144,15,75604,0.19047,0.01984,2,1,12,6,12
156245,51,1892,591,12,194570,0.30375,0.00617,0,3,3,0,1
5776,51,640,106,5114,58002,0.18275,8.81694,1,1,3,3,3
90316,51,324,104,9,25167,0.41324,0.03576,0,0,5,0,0
53596,92,3609,884,9,448615,0.19705,0.00201,0,1,10,0,10
133323,0,9,6,6,1227,0.489,0.489,0,0,1,0,0
75019,100,6494,2000,38019,660998,0.30257,5.75176,15,1,19,1,19
2150,92,747,297,9,105076,0.28265,0.00857,0,3,2,0,0
13778,100,3732,951,12,481310,0.19759,0.00249,2,1,16,8,16
2988,0,118,15,6,8381,0.17898,0.07159,2,0,4,2,0
138206,50,2395,546,9,236494,0.23087,0.00381,1,2,7,7,3
53899,92,3409,884,6,417708,0.21163,0.00144,0,4,6,0,1
145609,50,158,35,6,10685,0.32756,0.05615,10,0,16,1,0
17081,92,612,161,6,76031,0.21176,0.00789,0,1,4,0,4
102289,0,115,37,6,10296,0.35936,0.05828,0,0,3,0,0
124555,53,1874,638,9,260407,0.245,0.00346,17,6,49,2,8
91650,51,270,82,3,27068,0.30294,0.01108,4,1,8,2,8
162841,92,1680,517,6,176905,0.29225,0.00339,0,1,9,0,9
26906,92,3534,714,13,381011,0.1874,0.00341,0,4,7,0,1
153606,50,4541,1003,15,492831,0.20352,0.00304,2,1,16,8,16
145845,0,1114,348,12,114239,0.30462,0.0105,0,9,1,0,0
151577,100,4437,933,12,357737,0.26081,0.00335,2,2,16,8,8
169038,92,1016,279,9,108009,0.25831,0.00833,6,1,10,1,10
32527,92,4707,1288,30,584350,0.22042,0.00513,0,8,5,0,0
11191,92,1612,300,6,227215,0.13203,0.00264,0,2,6,0,3
31283,80,4570,1400,12,459133,0.30492,0.00261,9,5,34,3,6
188,92,376,171,6,61379,0.2786,0.00978,1,2,3,3,1
74654,50,5591,1510,27,478745,0.31541,0.00564,2,4,22,11,5
26057,51,478,121,9,46257,0.26158,0.01946,0,3,2,0,0
56363,100,5198,1016,15,432005,0.23518,0.00347,2,1,13,6,13
56472,92,3965,833,12,321751,0.2589,0.00373,1,3,9,9,3
144906,50,1406,1248,15,308489,0.40455,0.00486,2,9,6,3,0
8581,0,80,33,9,7198,0.45846,0.12503,0,1,1,0,1
7223,51,654,215,3365,77737,0.27657,4.3287,1,2,9,9,4
26903,51,566,144,9,37523,0.38376,0.02399,7,0,23,3,0
128453,92,305,94,6,33158,0.28349,0.0181,2,1,6,3,6
122779,92,42,0,6,2881,0,0.20826,5,0,6,1,0
125071,51,57,25,3,5393,0.46356,0.05563,1,0,6,6,0
27090,92,776,97,9,69846,0.13888,0.01289,2,0,5,2,0
156035,92,453,202,9,75468,0.26766,0.01193,0,6,2,0,0
129730,51,810,433,6,150061,0.28855,0.004,0,5,4,0,0
138846,100,6800,2224,41338,704439,0.31571,5.86822,0,8,10,0,1
137076,0,29,8,3,1926,0.41537,0.15576,1,1,2,2,2
69606,51,17,2,3,935,0.2139,0.32086,0,0,3,0,0
121810,92,2233,468,12,283055,0.16534,0.00424,0,6,5,0,0
9554,51,935,229,9,97423,0.23506,0.00924,1,4,10,10,2
102171,92,2478,368,9,289939,0.12692,0.0031,0,3,3,0,1
63333,50,2799,577,26,256347,0.22509,0.01014,14,1,42,3,42
154244,92,2614,490,6,323521,0.15146,0.00185,0,2,4,0,2
56905,92,3592,731,27,320689,0.22795,0.00842,2,5,11,5,2
134687,53,7032,1761,31,661422,0.26624,0.00469,5,2,27,5,13
121873,100,1678,547,16,217579,0.2514,0.00735,5,1,17,3,17
156561,51,1894,441,12,189734,0.23243,0.00632,1,2,4,4,2
144373,0,46,2,3,3047,0.06564,0.09846,0,0,1,0,0
25351,50,2983,604,15,225579,0.26776,0.00665,3,1,16,5,16
166354,51,3904,1514,9,483496,0.31314,0.00186,3,1,17,5,17
159730,100,4343,1025,9,464590,0.22062,0.00194,0,5,7,0,1
123122,51,412,99,6,37423,0.26454,0.01603,0,1,3,0,3
83012,50,1889,461,12,180576,0.25529,0.00665,0,2,6,0,3
159887,92,5377,1080,21,568200,0.19007,0.0037,0,0,5,0,0
122048,51,1395,254,12,179141,0.14179,0.0067,0,6,2,0,0
77155,92,4217,1049,18,519993,0.20173,0.00346,0,4,3,0,0
156506,92,1272,295,27,132309,0.22296,0.02041,0,5,7,0,1
5579,51,107,42,3,11668,0.35996,0.02571,0,0,1,0,0
169906,51,2563,571,9,227308,0.2512,0.00396,1,2,8,8,4
138430,100,6164,1669,152,742142,0.22489,0.02048,1,1,20,20,20
18378,51,2087,819,4353,211845,0.3866,2.0548,3,2,17,5,8
151848,92,746,135,9,80641,0.16741,0.01116,0,2,5,0,2
20236,51,102,72,6,9453,0.76166,0.06347,0,4,5,0,1
156119,51,592,161,9,54398,0.29597,0.01654,0,1,2,0,2
121679,0,398,149,3,47772,0.3119,0.00628,0,4,1,0,0
55158,100,2216,297,9,259220,0.11457,0.00347,5,2,8,1,4
142600,51,458,270,12,51678,0.52247,0.02322,0,4,5,0,1
10941,0,11,1,3,618,0.16181,0.48544,0,0,1,0,0
120055,51,475,111,6,45514,0.24388,0.01318,0,2,4,0,2
28621,100,528,160,6,79102,0.20227,0.00759,7,2,19,2,9
497,51,80,8,6,4877,0.16404,0.12303,0,1,2,0,2
163642,51,76,29,9,9159,0.31663,0.09826,1,1,3,3,3
51039,92,479,181,21,55114,0.32841,0.0381,1,1,8,8,8
143153,51,17,1,3,942,0.10616,0.31847,1,0,1,1,0
145552,53,1293,548,9516,130311,0.42053,7.30253,8,0,27,3,0
185787,51,333,101,6,18510,0.54565,0.03241,0,6,3,0,0
4647,51,100,36,5111,11548,0.31174,44.25875,0,2,3,0,1
136986,51,76,17,3,5271,0.32252,0.05692,2,1,6,3,6
140757,92,2039,296,6,249351,0.11871,0.00241,0,1,5,0,5
145021,50,1818,421,15,208585,0.20184,0.00719,4,2,18,4,9
18456,51,2911,1134,17,327288,0.34648,0.00519,3,1,23,7,23
170563,51,196,71,3,15759,0.45054,0.01904,1,1,5,5,5
162666,50,4381,944,636409,444825,0.21222,143.06952,0,5,10,0,2
27180,100,1807,506,9,193203,0.2619,0.00466,0,5,6,0,1
159005,51,614,154,9,55287,0.27855,0.01628,0,1,4,0,4
154930,51,1413,1248,15,311190,0.40104,0.00482,0,10,1,0,0
29797,51,718,165,3685,72066,0.22896,5.11337,2,1,5,2,5
18188,100,587,138,6,72703,0.18981,0.00825,0,0,6,0,0
170236,51,345,126,9,34461,0.36563,0.02612,0,3,3,0,1
28378,100,2079,589,19,207480,0.28388,0.00916,1,5,10,10,2
20173,51,825,223,6,83074,0.26844,0.00722,0,3,6,0,2
94537,51,75,21,5114,7203,0.29155,70.9982,0,0,2,0,0
1595,50,1250,308,9,97069,0.3173,0.00927,2,0,9,4,0
117287,92,219,82,6,46277,0.17719,0.01297,0,1,3,0,3
166427,50,30,3,9,2138,0.14032,0.42095,1,0,5,5,0
162259,51,98,23,6,7500,0.30667,0.08,2,0,4,2,0
13472,92,697,189,6,84666,0.22323,0.00709,4,1,9,2,9
168708,92,2135,737,9,238786,0.30864,0.00377,0,4,6,0,1
133414,92,4439,1127,15,529438,0.21287,0.00283,2,5,13,6,2
7222,51,78,10,6,8835,0.11319,0.06791,1,1,3,3,3
122619,92,777,250,12,70326,0.35549,0.01706,0,9,8,0,0
74626,85,6389,1534,18,684207,0.2242,0.00263,17,0,21,1,0
146725,51,110,48,3,12931,0.3712,0.0232,0,0,2,0,0
30012,50,1468,490,12,142726,0.34332,0.00841,14,0,38,2,0
80918,50,332,86,9,26814,0.32073,0.03356,1,0,6,6,0
63378,92,1568,377,15,195938,0.19241,0.00766,1,2,8,8,4
156304,51,4262,1249,15,516291,0.24192,0.00291,5,1,17,3,17
169192,50,213,100,6,26281,0.3805,0.02283,9,0,14,1,0
12386,51,67,37,3,7684,0.48152,0.03904,3,0,12,4,0
142167,92,4254,1180,15,466953,0.2527,0.00321,0,8,3,0,0
51003,92,659,296,9,87621,0.33782,0.01027,0,6,5,0,0
80912,50,1212,379,12,150842,0.25126,0.00796,1,2,6,6,3
17994,50,889,309,3,124803,0.24759,0.0024,0,1,13,0,13
130181,50,3639,976,9,417181,0.23395,0.00216,10,4,36,3,9
167086,92,2522,633,12,331491,0.19096,0.00362,1,2,3,3,1
160425,92,3538,558,12,386657,0.14431,0.0031,0,1,4,0,4
66404,50,96,14,3,7444,0.18807,0.0403,3,0,7,2,0
80164,92,2508,488,12,211841,0.23036,0.00566,2,1,12,6,12
159455,51,1177,245,9,125859,0.19466,0.00715,0,2,8,0,4
2843,100,3696,1190,3853,392827,0.30293,0.98084,3,7,14,4,2
155981,92,753,190,6,96290,0.19732,0.00623,0,2,2,0,1
121436,51,636,219,15,53564,0.40886,0.028,0,5,3,0,0
143228,0,1,1,3,76,1.31579,3.94737,1,0,2,2,0
19975,92,1898,373,6,168048,0.22196,0.00357,0,2,6,0,3